Type,SKU,Name,Published,Is featured,Visibility in catalog,Short description,Description,Date sale price starts,Date sale price ends,Tax status,Tax class,In stock?,Stock,Backorders allowed?,Sold individually?,Weight (kg),Length (cm),Width (cm),Height (cm),Allow customer reviews?,Purchase note,Sale price,Regular price,Categories,Tags,Shipping class,Images,Download limit,Download expiry days,Parent,Grouped products,Upsells,Cross-sells,External URL,Button text,Position,Attribute 1 name,Attribute 1 value(s),Attribute 1 visible,Attribute 1 global,Attribute 2 name,Attribute 2 value(s),Attribute 2 visible,Attribute 2 global,Attribute 3 name,Attribute 3 value(s),Attribute 3 visible,Attribute 3 global,Meta: _yoast_wpseo_focuskw,Meta: _yoast_wpseo_metadesc,Image Alt Text,Image Caption,Image Description
simple,BL8P8EA,HP 15-fd0558nia Laptop,1,0,visible,"<h3 data-start=""..."" data-end=""..."">HP 15-fd0558nia Laptop</h3>
<table>
<thead>
<tr>
<th></th>
<th></th>
</tr>
</thead>
<tbody>
<tr>
<td>Processor</td>
<td>Intel Core i7 1355U</td>
</tr>
<tr>
<td>RAM</td>
<td>8GB DDR4 3200MHz</td>
</tr>
<tr>
<td>Storage</td>
<td>512GB PCIe NVMe M.2 SSD</td>
</tr>
<tr>
<td>Operating System</td>
<td>FreeDOS</td>
</tr>
<tr>
<td>Display</td>
<td>15.6"" FHD</td>
</tr>
<tr>
<td>Connectivity</td>
<td>Wi-Fi 6, Bluetooth 5.3</td>
</tr>
<tr>
<td>Keyboard</td>
<td>Backlit</td>
</tr>
<tr>
<td>Color</td>
<td>Natural Silver</td>
</tr>
</tbody>
</table>","<h2 data-start=""..."" data-end=""..."">HP 15-fd0558nia Laptop</h2>
<p data-start=""..."" data-end=""..."">The HP 15-fd0558nia laptop offers reliable performance for your daily computing needs. It features a powerful Intel Core i7 1355U processor. This advanced CPU handles multitasking with ease. Enjoy ample memory and fast storage for all your digital files. The vibrant 15.6-inch Full HD display enhances your viewing experience. Its sleek Natural Silver design adds a touch of modern sophistication. This laptop provides a perfect balance of power, speed, and portability for users seeking efficiency.</p>

<h3 data-start=""..."" data-end=""..."">Key Features</h3>
<ul>
	<li><p data-start=""..."" data-end=""...""><strong>Powerful Intel Core i7 Processor</strong><br />Experience smooth and highly responsive computing performance. The Intel Core i7 1355U processor delivers exceptional speed. It efficiently handles demanding applications and complex tasks. Boost your overall productivity with this advanced, 13th generation CPU. Enjoy seamless operation throughout your workday.</p></li>
	<li><p data-start=""..."" data-end=""...""><strong>Generous 8GB DDR4 RAM</strong><br />Multitask effortlessly with 8GB of high-speed DDR4 RAM. The 3200MHz memory ensures quick application loading times. It provides seamless transitions between open programs. Enjoy a fluid and uninterrupted computing experience every single day. Work more efficiently with sufficient memory.</p></li>
	<li><p data-start=""..."" data-end=""...""><strong>Blazing-Fast 512GB SSD Storage</strong><br />Store all your important documents, photos, and media files. A 512GB PCIe NVMe M.2 SSD offers incredible data access speeds. Boot up your operating system in mere seconds. Transfer large files at lightning-fast rates. Experience superior system responsiveness compared to traditional hard drives.</p></li>
	<li><p data-start=""..."" data-end=""...""><strong>Vivid 15.6"" Full HD Display</strong><br />Immerse yourself in stunning visual clarity. The 15.6-inch Full HD (1920 x 1080) display delivers crisp images. Enjoy vibrant colors and sharp details across all your content. It is perfect for professional work, immersive entertainment, and everyday web browsing. Enhance your visual comfort.</p></li>
	<li><p data-start=""..."" data-end=""...""><strong>Advanced Wireless Connectivity</strong><br />Stay connected with the latest Realtek Wi-Fi 6 (2x2) technology. This ensures fast and stable internet access. Bluetooth 5.3 allows for seamless connections with your wireless peripherals. Modern Standby enhances power efficiency. You get reliable, high-speed wireless performance for all your online activities.</p></li>
	<li><p data-start=""..."" data-end=""...""><strong>Essential Ports for Versatility</strong><br />Connect all your external devices effortlessly. This laptop includes one USB Type-C 5Gbps signaling rate port. It also has two USB Type-A 5Gbps signaling rate ports. An AC smart pin ensures easy and reliable power charging. Use the HDMI 1.4b port for external displays. A convenient headphone/microphone combo jack provides audio versatility.</p></li>
	<li><p data-start=""..."" data-end=""...""><strong>Enhanced User Experience</strong><br />The HP 15-fd0558nia features a comfortable backlit keyboard. Type with ease and accuracy in any lighting condition. Dual speakers provide clear and immersive audio output. An HP True Vision 720p HD camera with temporal noise reduction ensures clear video calls. Integrated dual array digital microphones capture your voice perfectly.</p></li>
</ul>

<h3 data-start=""..."" data-end=""..."">Specifications</h3>
<h4><strong data-start=""..."" data-end=""..."">General</strong></h4>
<div class=""TyagGW_tableContainer"">
<div class=""group TyagGW_tableWrapper flex w-fit flex-col-reverse"">
<table class=""w-fit min-w-(--thread-content-width)"" data-start=""..."" data-end=""..."">
<thead>
<tr>
<th data-start=""..."" data-end=""..."" data-col-size=""sm""><strong data-start=""..."" data-end=""..."">Feature</strong></th>
<th data-start=""..."" data-end=""..."" data-col-size=""sm""><strong data-start=""..."" data-end=""..."">Specification</strong></th>
</tr>
</thead>
<tbody>
<tr>
<td data-start=""..."" data-end=""..."" data-col-size=""sm"">Part No / Model No</td>
<td data-start=""..."" data-end=""..."" data-col-size=""sm"">BL8P8EA</td>
</tr>
<tr>
<td data-start=""..."" data-end=""..."" data-col-size=""sm"">Processor</td>
<td data-start=""..."" data-end=""..."" data-col-size=""sm"">Intel Core i7 1355U (13th Gen)</td>
</tr>
<tr>
<td data-start=""..."" data-end=""..."" data-col-size=""sm"">RAM</td>
<td data-start=""..."" data-end=""..."" data-col-size=""sm"">8GB DDR4 3200MHz</td>
</tr>
<tr>
<td data-start=""..."" data-end=""..."" data-col-size=""sm"">Storage</td>
<td data-start=""..."" data-end=""..."" data-col-size=""sm"">512GB PCIe NVMe M.2 SSD</td>
</tr>
<tr>
<td data-start=""..."" data-end=""..."" data-col-size=""sm"">Operating System</td>
<td data-start=""..."" data-end=""..."" data-col-size=""sm"">FreeDOS</td>
</tr>
<tr>
<td data-start=""..."" data-end=""..."" data-col-size=""sm"">Display Size</td>
<td data-start=""..."" data-end=""..."" data-col-size=""sm"">15.6 inches</td>
</tr>
<tr>
<td data-start=""..."" data-end=""..."" data-col-size=""sm"">Display Resolution</td>
<td data-start=""..."" data-end=""..."" data-col-size=""sm"">FHD (Full High Definition)</td>
</tr>
<tr>
<td data-start=""..."" data-end=""..."" data-col-size=""sm"">Optical Drive</td>
<td data-start=""..."" data-end=""..."" data-col-size=""sm"">No ODD (Optical Disc Drive)</td>
</tr>
<tr>
<td data-start=""..."" data-end=""..."" data-col-size=""sm"">Wireless Connectivity</td>
<td data-start=""..."" data-end=""..."" data-col-size=""sm"">Realtek Wi-Fi 6 (2x2), Bluetooth 5.3</td>
</tr>
<tr>
<td data-start=""..."" data-end=""..."" data-col-size=""sm"">Camera</td>
<td data-start=""..."" data-end=""..."" data-col-size=""sm"">HP True Vision 720p HD with temporal noise reduction</td>
</tr>
<tr>
<td data-start=""..."" data-end=""..."" data-col-size=""sm"">Audio</td>
<td data-start=""..."" data-end=""..."" data-col-size=""sm"">Dual Speakers, Integrated dual array digital microphones</td>
</tr>
<tr>
<td data-start=""..."" data-end=""..."" data-col-size=""sm"">Keyboard</td>
<td data-start=""..."" data-end=""..."" data-col-size=""sm"">Backlit Keyboard</td>
</tr>
<tr>
<td data-start=""..."" data-end=""..."" data-col-size=""sm"">Color</td>
<td data-start=""..."" data-end=""..."" data-col-size=""sm"">Natural Silver</td>
</tr>
<tr>
<td data-start=""..."" data-end=""..."" data-col-size=""sm"">Ports</td>
<td data-start=""..."" data-end=""..."" data-col-size=""sm"">1x USB Type-C 5Gbps, 2x USB Type-A 5Gbps, 1x AC smart pin, 1x HDMI 1.4b, 1x Headphone/microphone combo</td>
</tr>
<tr>
<td data-start=""..."" data-end=""..."" data-col-size=""sm"">Warranty</td>
<td data-start=""..."" data-end=""..."" data-col-size=""sm"">1 Year Warranty from Seller</td>
</tr>
</tbody>
</table>
</div>
</div>

<h3 data-start=""..."" data-end=""..."">What’s in the Box</h3>
<ul>
	<li><p data-start=""..."" data-end=""..."">HP 15-fd0558nia Laptop</p></li>
	<li><p data-start=""..."" data-end=""..."">AC Power Adapter</p></li>
</ul>

<h3 data-start=""..."" data-end=""..."">Why Choose HP 15-fd0558nia Laptop</h3>
<ul>
	<li><p data-start=""..."" data-end=""..."">Enjoy powerful performance for all your everyday tasks and beyond.</p></li>
	<li><p data-start=""..."" data-end=""..."">Benefit from incredibly fast boot times and rapid data access with the SSD.</p></li>
	<li><p data-start=""..."" data-end=""..."">Experience clear, vibrant visuals on a spacious Full HD display.</p></li>
	<li><p data-start=""..."" data-end=""..."">Stay reliably connected with advanced Wi-Fi 6 and Bluetooth 5.3 technology.</p></li>
	<li><p data-start=""..."" data-end=""..."">Work comfortably in any environment thanks to the backlit keyboard and HD camera.</p></li>
	<li><p data-start=""..."" data-end=""..."">Gain peace of mind with a comprehensive 1-year seller warranty.</p></li>
</ul>",,,taxable,,1,,0,0,,,,,1,,,75000,Computing > Laptops > HP Laptops,HP | HP 15 | HP Laptop | 15.6 inch | FHD Display | Intel Core i7 | 13th Gen | 8GB RAM | DDR4 | 512GB SSD | PCIe NVMe | FreeDOS | Wi-Fi 6 | Bluetooth 5.3 | Backlit Keyboard | Natural Silver | BL8P8EA,,,,,,,,,,,0,Processor,Intel Core i7 1355U,1,0,RAM,8GB DDR4 3200MHz,1,0,Storage,512GB PCIe NVMe M.2 SSD,1,0,HP 15-fd0558nia Laptop,"Power your day with the HP 15-fd0558nia laptop. Featuring an Intel Core i7, 8GB RAM, 512GB SSD, and a 15.6"" FHD display. Get yours for KES 75,000.",HP 15-fd0558nia Laptop,HP 15-fd0558nia Laptop - Product Image,High-quality image of HP 15-fd0558nia Laptop showing design and features
simple,B67D1EA,HP 14-ep0128nia Laptop,1,0,visible,"<h3 data-start=""..."" data-end=""..."">HP 14-ep0128nia Laptop Highlights</h3>
<table>
<thead>
<tr>
<th></th>
<th></th>
</tr>
</thead>
<tbody>
<tr>
<td>Processor</td>
<td>Intel Core i7 1355U (13th Gen)</td>
</tr>
<tr>
<td>RAM</td>
<td>8GB DDR4 3200MHz</td>
</tr>
<tr>
<td>Storage</td>
<td>512GB PCIe NVMe M.2 SSD</td>
</tr>
<tr>
<td>Display</td>
<td>14"" Full HD (FHD)</td>
</tr>
<tr>
<td>Operating System</td>
<td>Windows 11 Home</td>
</tr>
<tr>
<td>Connectivity</td>
<td>Wi-Fi 6, Bluetooth 5.3</td>
</tr>
<tr>
<td>Ports</td>
<td>USB-C, 2x USB-A, HDMI, AC Smart Pin, Headphone/Mic Combo</td>
</tr>
<tr>
<td>Keyboard</td>
<td>Backlit</td>
</tr>
<tr>
<td>Color</td>
<td>Natural Silver</td>
</tr>
</tbody>
</table>","<h2 data-start=""..."" data-end=""..."">HP 14-ep0128nia Laptop</h2>
<p data-start=""..."" data-end=""..."">Discover the HP 14-ep0128nia laptop. This portable powerhouse combines performance with sleek design. It features a powerful Intel Core i7 1355U processor. Experience smooth multitasking and efficient productivity. The vibrant 14-inch Full HD display enhances your viewing. This laptop is perfect for both work and entertainment. Its natural silver finish adds a touch of elegance, making it a stylish companion for your daily tasks.</p>

<h3 data-start=""..."" data-end=""..."">Key Features</h3>
<ul>
	<li><p data-start=""..."" data-end=""...""><strong>Powerful 13th Gen Intel Core i7</strong><br />The HP 14-ep0128nia is equipped with an Intel Core i7 1355U processor. This 13th generation CPU delivers exceptional speed. It handles demanding applications with ease. Enjoy seamless performance for all your tasks. From intensive work to casual browsing, it excels. This processor ensures your laptop remains responsive and efficient throughout the day.</p></li>
	<li><p data-start=""..."" data-end=""...""><strong>Ample Memory and Fast Storage</strong><br />Benefit from 8GB of DDR4 3200 RAM. This ensures smooth multitasking. Switch between applications effortlessly. A spacious 512GB PCIe NVMe M.2 SSD offers rapid boot times. It also provides lightning-fast data access. Store all your important files and programs without compromise. This combination boosts overall system responsiveness.</p></li>
	<li><p data-start=""..."" data-end=""...""><strong>Vivid Full HD Display</strong><br />Immerse yourself in stunning visuals. The 14-inch Full HD display delivers crisp images. Enjoy vibrant colors and sharp details. Whether you are working on documents or streaming videos, the visual experience is superb. The anti-glare panel minimizes reflections for comfortable viewing in various environments.</p></li>
	<li><p data-start=""..."" data-end=""...""><strong>Windows 11 Home Operating System</strong><br />This laptop comes pre-installed with Windows 11 Home. Experience a refreshed interface. Benefit from new productivity features. Enjoy enhanced security and a more intuitive user experience. Windows 11 offers a modern, clean design, making navigation simple and enjoyable for everyone.</p></li>
	<li><p data-start=""..."" data-end=""...""><strong>Integrated HD Camera and Dual Speakers</strong><br />Stay connected with the HP True Vision 720p HD camera. It includes temporal noise reduction for clearer video calls. Integrated dual array digital microphones ensure your voice is heard clearly. Dual speakers provide crisp audio for entertainment and communication. Enjoy high-quality virtual meetings and immersive media experiences.</p></li>
	<li><p data-start=""..."" data-end=""...""><strong>Comfortable Backlit Keyboard</strong><br />Work comfortably in any lighting condition. The backlit keyboard allows for easy typing. It enhances productivity during evening hours. The keys offer a satisfying tactile response. This feature is invaluable for late-night study sessions or working on the go.</p></li>
</ul>

<h3 data-start=""..."" data-end=""..."">Specifications</h3>
<h4><strong data-start=""..."" data-end=""..."">General</strong></h4>
<div class=""TyagGW_tableContainer"">
<div class=""group TyagGW_tableWrapper flex w-fit flex-col-reverse"">
<table class=""w-fit min-w-(--thread-content-width)"" data-start=""..."" data-end=""..."">
<thead>
<tr>
<th data-start=""..."" data-end=""..."" data-col-size=""sm""><strong data-start=""..."" data-end=""..."">Feature</strong></th>
<th data-start=""..."" data-end=""..."" data-col-size=""sm""><strong data-start=""..."" data-end=""..."">Specification</strong></th>
</tr>
</thead>
<tbody>
<tr>
<td data-start=""..."" data-end=""..."" data-col-size=""sm"">Processor</td>
<td data-start=""..."" data-end=""..."" data-col-size=""sm"">Intel Core i7 1355U</td>
</tr>
<tr>
<td data-start=""..."" data-end=""..."" data-col-size=""sm"">RAM</td>
<td data-start=""..."" data-end=""..."" data-col-size=""sm"">8GB DDR4 3200</td>
</tr>
<tr>
<td data-start=""..."" data-end=""..."" data-col-size=""sm"">Storage</td>
<td data-start=""..."" data-end=""..."" data-col-size=""sm"">512GB PCIe NVMe M.2 SSD</td>
</tr>
<tr>
<td data-start=""..."" data-end=""..."" data-col-size=""sm"">Operating System</td>
<td data-start=""..."" data-end=""..."" data-col-size=""sm"">Windows 11 Home</td>
</tr>
<tr>
<td data-start=""..."" data-end=""..."" data-col-size=""sm"">Display</td>
<td data-start=""..."" data-end=""..."" data-col-size=""sm"">14"" FHD</td>
</tr>
<tr>
<td data-start=""..."" data-end=""..."" data-col-size=""sm"">Optical Drive</td>
<td data-start=""..."" data-end=""..."" data-col-size=""sm"">No ODD</td>
</tr>
<tr>
<td data-start=""..."" data-end=""..."" data-col-size=""sm"">Wireless</td>
<td data-start=""..."" data-end=""..."" data-col-size=""sm"">Realtek Wi-Fi 6 (1x1) and Bluetooth 5.3</td>
</tr>
<tr>
<td data-start=""..."" data-end=""..."" data-col-size=""sm"">Camera</td>
<td data-start=""..."" data-end=""..."" data-col-size=""sm"">HP True Vision 720p HD with temporal noise reduction</td>
</tr>
<tr>
<td data-start=""..."" data-end=""..."" data-col-size=""sm"">Audio</td>
<td data-start=""..."" data-end=""..."" data-col-size=""sm"">Dual Speakers, Integrated dual array digital microphones</td>
</tr>
<tr>
<td data-start=""..."" data-end=""..."" data-col-size=""sm"">Keyboard</td>
<td data-start=""..."" data-end=""..."" data-col-size=""sm"">Backlit Keyboard</td>
</tr>
<tr>
<td data-start=""..."" data-end=""..."" data-col-size=""sm"">Color</td>
<td data-start=""..."" data-end=""..."" data-col-size=""sm"">Natural Silver</td>
</tr>
<tr>
<td data-start=""..."" data-end=""..."" data-col-size=""sm"">Warranty</td>
<td data-start=""..."" data-end=""..."" data-col-size=""sm"">1 Year</td>
</tr>
</tbody>
</table>
</div>
</div>

<h3 data-start=""..."" data-end=""..."">Connectivity & Multimedia</h3>
<ul>
	<li><p data-start=""..."" data-end=""...""><strong>Versatile Port Selection</strong><br />Connect all your essential peripherals easily. The laptop features one USB Type-C 5Gbps signaling rate port. This port supports data transfer only. Two USB Type-A 5Gbps signaling rate ports are also included. An AC smart pin ensures reliable power. An HDMI 1.4b port allows external display connections. A headphone/microphone combo jack provides audio flexibility for all your accessories.</p></li>
	<li><p data-start=""..."" data-end=""...""><strong>Advanced Wireless Connectivity</strong><br />Stay connected with Realtek Wi-Fi 6 (1x1). Enjoy faster, more reliable internet speeds. Bluetooth 5.3 wireless card ensures seamless peripheral pairing. Connect your headphones, mice, and other devices effortlessly. This advanced connectivity ensures you are always online and connected to your favorite gadgets.</p></li>
</ul>

<h3 data-start=""..."" data-end=""..."">What’s in the Box</h3>
<ul>
	<li><p data-start=""..."" data-end=""..."">HP 14-ep0128nia Laptop</p></li>
	<li><p data-start=""..."" data-end=""..."">Power Adapter</p></li>
	<li><p data-start=""..."" data-end=""..."">Documentation</p></li>
</ul>

<h3 data-start=""..."" data-end=""..."">Why Choose HP 14-ep0128nia Laptop</h3>
<ul>
	<li><p data-start=""..."" data-end=""..."">Experience powerful 13th Gen Intel Core i7 performance for all your computing needs.</p></li>
	<li><p data-start=""..."" data-end=""..."">Enjoy fast boot times and ample storage with the 512GB PCIe NVMe M.2 SSD.</p></li>
	<li><p data-start=""..."" data-end=""..."">Work or play in comfort with the vibrant 14"" FHD display and backlit keyboard.</p></li>
	<li><p data-start=""..."" data-end=""..."">Stay connected with Wi-Fi 6 and a comprehensive set of ports for all your devices.</p></li>
	<li><p data-start=""..."" data-end=""..."">Benefit from Windows 11 Home's modern interface and enhanced security features.</p></li>
</ul>",,,taxable,,0,,0,0,,,,,1,,,,Computing > Laptops > HP Laptops,HP | HP Laptop | 14-ep0128nia | Intel Core i7 | 13th Gen | 8GB RAM | DDR4 | 512GB SSD | PCIe NVMe | Windows 11 Home | 14 inch | FHD | Backlit Keyboard | Wi-Fi 6 | Bluetooth 5.3 | Natural Silver | Portable Laptop,,,,,,,,,,,0,Processor,Intel Core i7 1355U,1,0,RAM,8GB DDR4 3200,1,0,Storage,512GB PCIe NVMe M.2 SSD,1,0,HP 14-ep0128nia Laptop,"Discover the HP 14-ep0128nia laptop. Featuring an Intel Core i7 1355U, 8GB RAM, 512GB SSD, and a 14"" FHD display. Perfect for productivity and entertainment.",HP 14-ep0128nia Laptop,HP 14-ep0128nia Laptop - Product Image,High-quality image of HP 14-ep0128nia Laptop showing design and features
simple,8A515EA,"HP Notebook 250 G10 Intel Core i7 1355U 15.6"" FHD Laptop",1,0,visible,"<h3 data-start=""..."" data-end=""..."">HP Notebook 250 G10 Highlights</h3>
<table>
<thead>
<tr>
<th></th>
<th></th>
</tr>
</thead>
<tbody>
<tr>
<td>Processor</td>
<td>Intel Core i7 1355U</td>
</tr>
<tr>
<td>RAM</td>
<td>8GB DDR4 3200</td>
</tr>
<tr>
<td>Storage</td>
<td>512GB PCIe NVMe M.2 SSD</td>
</tr>
<tr>
<td>Display</td>
<td>15.6"" FHD</td>
</tr>
<tr>
<td>Operating System</td>
<td>FreeDOS</td>
</tr>
<tr>
<td>Connectivity</td>
<td>Wi-Fi 6E, Bluetooth 5.3</td>
</tr>
<tr>
<td>Keyboard</td>
<td>Backlit</td>
</tr>
</tbody>
</table>","<h2 data-start=""..."" data-end=""..."">HP Notebook 250 G10 Intel Core i7 1355U 15.6"" FHD Laptop</h2>
<p data-start=""..."" data-end=""..."">Discover the HP Notebook 250 G10, a reliable laptop designed for productivity and everyday computing. This powerful device features an Intel Core i7 1355U processor, ensuring smooth multitasking and efficient performance. Its 8GB DDR4 RAM handles applications with ease, while the swift 512GB PCIe NVMe M.2 SSD provides rapid boot times and ample storage. Enjoy crisp visuals on the 15.6-inch Full HD display. The HP 250 G10 combines essential features with a professional design, making it an excellent choice for students and business professionals alike. Get your tasks done effectively and stay connected effortlessly.</p>

<h3 data-start=""..."" data-end=""..."">Key Features</h3>
<ul>
	<li><p data-start=""..."" data-end=""...""><strong>Powerful Intel Core i7 Processor</strong><br />Experience exceptional speed and responsiveness with the 13th Generation Intel Core i7 1355U processor. This CPU is engineered for demanding tasks, from complex spreadsheets to creative projects. It ensures your applications run smoothly, boosting overall productivity. Enjoy a seamless computing experience, even when handling multiple programs simultaneously.</p></li>
	<li><p data-start=""..."" data-end=""...""><strong>Fast Memory and Storage</strong><br />The laptop comes equipped with 8GB of DDR4 3200 RAM, providing efficient memory for all your computing needs. Paired with a 512GB PCIe NVMe M.2 SSD, you benefit from lightning-fast data access and storage. Boot up your system in seconds and load applications almost instantly. This combination delivers a significant performance advantage.</p></li>
	<li><p data-start=""..."" data-end=""...""><strong>Vibrant Full HD Display</strong><br />Immerse yourself in clear and vivid visuals on the 15.6-inch Full HD (FHD) display. Whether you are working on documents, browsing the web, or watching videos, the screen delivers sharp details and accurate colors. The generous screen size enhances your viewing experience, making it comfortable for extended use. Enjoy every moment with enhanced clarity.</p></li>
	<li><p data-start=""..."" data-end=""...""><strong>Modern Connectivity Options</strong><br />Stay connected with Realtek Wi-Fi 6E RTL8852BE (2x2) and Bluetooth 5.3 wireless card. Wi-Fi 6E offers faster speeds and improved network efficiency, perfect for online meetings and streaming. Bluetooth 5.3 ensures seamless pairing with your wireless accessories. These advanced technologies keep you connected reliably, wherever you go, providing a stable link to your digital world.</p></li>
	<li><p data-start=""..."" data-end=""...""><strong>Enhanced User Experience</strong><br />The HP Notebook 250 G10 includes a comfortable backlit keyboard, allowing you to work effectively in various lighting conditions. A 1080p FHD camera ensures crisp video calls, while stereo speakers and an integrated digital microphone provide clear audio. These features enhance your communication and overall user satisfaction. The Turbo Silver finish adds a touch of professional elegance.</p></li>
</ul>

<h3 data-start=""..."" data-end=""..."">Specifications</h3>
<h4><strong data-start=""..."" data-end=""..."">General</strong></h4>
<div class=""TyagGW_tableContainer"">
<div class=""group TyagGW_tableWrapper flex w-fit flex-col-reverse"">
<table class=""w-fit min-w-(--thread-content-width)"" data-start=""..."" data-end=""..."">
<thead>
<tr>
<th data-start=""..."" data-end=""..."" data-col-size=""sm""><strong data-start=""..."" data-end=""..."">Feature</strong></th>
<th data-start=""..."" data-end=""..."" data-col-size=""sm""><strong data-start=""..."" data-end=""..."">Specification</strong></th>
</tr>
</thead>
<tbody>
<tr>
<td data-start=""..."" data-end=""..."" data-col-size=""sm"">Part No / Model No</td>
<td data-start=""..."" data-end=""..."" data-col-size=""sm"">8A515EA</td>
</tr>
<tr>
<td data-start=""..."" data-end=""..."" data-col-size=""sm"">Processor</td>
<td data-start=""..."" data-end=""..."" data-col-size=""sm"">Intel Core i7 1355U</td>
</tr>
<tr>
<td data-start=""..."" data-end=""..."" data-col-size=""sm"">RAM</td>
<td data-start=""..."" data-end=""..."" data-col-size=""sm"">8GB DDR4 3200</td>
</tr>
<tr>
<td data-start=""..."" data-end=""..."" data-col-size=""sm"">Storage</td>
<td data-start=""..."" data-end=""..."" data-col-size=""sm"">512GB PCIe NVMe M.2 SSD</td>
</tr>
<tr>
<td data-start=""..."" data-end=""..."" data-col-size=""sm"">Operating System</td>
<td data-start=""..."" data-end=""..."" data-col-size=""sm"">FreeDOS</td>
</tr>
<tr>
<td data-start=""..."" data-end=""..."" data-col-size=""sm"">Display</td>
<td data-start=""..."" data-end=""..."" data-col-size=""sm"">15.6"" FHD</td>
</tr>
<tr>
<td data-start=""..."" data-end=""..."" data-col-size=""sm"">Optical Drive</td>
<td data-start=""..."" data-end=""..."" data-col-size=""sm"">No ODD</td>
</tr>
<tr>
<td data-start=""..."" data-end=""..."" data-col-size=""sm"">Wireless</td>
<td data-start=""..."" data-end=""..."" data-col-size=""sm"">Realtek Wi-Fi 6E RTL8852BE (2x2)</td>
</tr>
<tr>
<td data-start=""..."" data-end=""..."" data-col-size=""sm"">Bluetooth</td>
<td data-start=""..."" data-end=""..."" data-col-size=""sm"">Bluetooth 5.3</td>
</tr>
<tr>
<td data-start=""..."" data-end=""..."" data-col-size=""sm"">Camera</td>
<td data-start=""..."" data-end=""..."" data-col-size=""sm"">1080p FHD Camera</td>
</tr>
<tr>
<td data-start=""..."" data-end=""..."" data-col-size=""sm"">Audio</td>
<td data-start=""..."" data-end=""..."" data-col-size=""sm"">Stereo speakers, integrated digital microphone</td>
</tr>
<tr>
<td data-start=""..."" data-end=""..."" data-col-size=""sm"">Keyboard</td>
<td data-start=""..."" data-end=""..."" data-col-size=""sm"">Backlit Keyboard</td>
</tr>
<tr>
<td data-start=""..."" data-end=""..."" data-col-size=""sm"">Color</td>
<td data-start=""..."" data-end=""..."" data-col-size=""sm"">Turbo Silver</td>
</tr>
<tr>
<td data-start=""..."" data-end=""..."" data-col-size=""sm"">Warranty</td>
<td data-start=""..."" data-end=""..."" data-col-size=""sm"">1 Year</td>
</tr>
</tbody>
</table>
</div>
</div>

<h3 data-start=""..."" data-end=""..."">Ports & Connectivity</h3>
<ul>
	<li><p data-start=""..."" data-end=""...""><strong>USB Type-C:</strong> One USB Type-C 5Gbps signaling rate port for versatile connectivity.</p></li>
	<li><p data-start=""..."" data-end=""...""><strong>USB Type-A:</strong> Two USB Type-A 5Gbps signaling rate ports for connecting peripherals.</p></li>
	<li><p data-start=""..."" data-end=""...""><strong>AC Power:</strong> Dedicated port for charging and power supply.</p></li>
	<li><p data-start=""..."" data-end=""...""><strong>HDMI 1.4b:</strong> One HDMI 1.4b port for external display connections.</p></li>
	<li><p data-start=""..."" data-end=""...""><strong>Audio Jack:</strong> One stereo headphone/microphone combo jack for audio needs.</p></li>
</ul>

<h3 data-start=""..."" data-end=""..."">What’s in the Box</h3>
<ul>
	<li><p data-start=""..."" data-end=""..."">HP Notebook 250 G10 Laptop</p></li>
	<li><p data-start=""..."" data-end=""..."">AC Power Adapter</p></li>
	<li><p data-start=""..."" data-end=""..."">Documentation and Manuals</p></li>
</ul>

<h3 data-start=""..."" data-end=""..."">Why Choose the HP Notebook 250 G10</h3>
<ul>
	<li><p data-start=""..."" data-end=""...""><strong>Reliable Performance:</strong> The Intel Core i7 processor offers consistent, powerful computing for all your daily tasks.</p></li>
	<li><p data-start=""..."" data-end=""...""><strong>Speedy Storage:</strong> A 512GB SSD ensures quick access to files and applications, enhancing your workflow.</p></li>
	<li><p data-start=""..."" data-end=""...""><strong>Clear Visuals:</strong> The 15.6"" FHD display provides a crisp and enjoyable viewing experience for work and entertainment.</p></li>
	<li><p data-start=""..."" data-end=""...""><strong>Modern Connectivity:</strong> Benefit from Wi-Fi 6E and Bluetooth 5.3 for fast and stable wireless connections.</p></li>
	<li><p data-start=""..."" data-end=""...""><strong>Professional Design:</strong> Its sleek Turbo Silver finish and backlit keyboard offer both style and functionality.</p></li>
</ul>",,,taxable,,0,,0,0,,,,,1,,,,Computing > Laptops > HP Laptops,HP | HP Notebook | 250 G10 | Laptop | Intel Core i7 | 13th Gen | 8GB RAM | 512GB SSD | 15.6 inch | FHD | FreeDOS | Wi-Fi 6E | Backlit Keyboard | Business Laptop | Everyday Use,,,,,,,,,,,0,Processor,Intel Core i7 1355U,1,0,RAM,8GB DDR4 3200,1,0,Storage,512GB PCIe NVMe M.2 SSD,1,0,HP 250 G10 i7 Laptop,"Experience powerful performance with the HP Notebook 250 G10. Featuring an Intel Core i7, 8GB RAM, and a 512GB SSD for speed and efficiency. Perfect for work or study.","HP Notebook 250 G10 Intel Core i7 1355U 15.6"" FHD Laptop","HP Notebook 250 G10 Intel Core i7 1355U 15.6"" FHD Laptop - Product Image","High-quality image of HP Notebook 250 G10 Intel Core i7 1355U 15.6"" FHD Laptop showing design and features"
simple,8A544EA,"HP 250 G10 Notebook PC - Intel Core i7, 8GB RAM, 512GB SSD, MX550 Graphics",1,0,visible,"<h3 data-start=""..."" data-end=""..."">HP 250 G10 Notebook PC</h3>
<table>
<thead>
<tr>
<th></th>
<th></th>
</tr>
</thead>
<tbody>
<tr>
<td>Processor</td>
<td>Intel Core i7 1355U</td>
</tr>
<tr>
<td>RAM</td>
<td>8GB DDR4 3200MHz</td>
</tr>
<tr>
<td>Storage</td>
<td>512GB PCIe NVMe M.2 SSD</td>
</tr>
<tr>
<td>Graphics</td>
<td>NVIDIA GeForce MX550 2GB GDDR6</td>
</tr>
<tr>
<td>Display</td>
<td>15.6"" FHD (1920x1080)</td>
</tr>
<tr>
<td>Operating System</td>
<td>FreeDOS</td>
</tr>
<tr>
<td>Connectivity</td>
<td>Wi-Fi 6E, Bluetooth 5.3</td>
</tr>
<tr>
<td>Keyboard</td>
<td>Backlit</td>
</tr>
<tr>
<td>Warranty</td>
<td>1 Year</td>
</tr>
</tbody>
</table>","<h2 data-start=""..."" data-end=""..."">HP 250 G10 Notebook PC - Intel Core i7, 8GB RAM, 512GB SSD, MX550 Graphics</h2>
<p data-start=""..."" data-end=""..."">Experience robust performance and reliable productivity with the HP 250 G10 Notebook PC. This powerful laptop combines an Intel Core i7 processor with 8GB DDR4 RAM for seamless multitasking. Enjoy rapid data access and ample storage space thanks to its 512GB PCIe NVMe M.2 SSD. The NVIDIA GeForce MX550 graphics card delivers enhanced visual experiences. Its 15.6-inch Full HD display provides crisp, clear visuals. The HP 250 G10 is an ideal choice for professionals and students seeking efficiency and value in a modern computing solution.</p>

<h3 data-start=""..."" data-end=""..."">Key Features</h3>
<ul>
	<li><p data-start=""..."" data-end=""...""><strong>Powerful Performance</strong><br />The HP 250 G10 features a 13th Gen Intel Core i7 1355U processor. This ensures smooth and efficient operation for demanding applications. Coupled with 8GB of high-speed DDR4 3200MHz RAM, it handles multitasking effortlessly. You can run multiple programs simultaneously without experiencing slowdowns. This powerful combination is perfect for work, study, and everyday computing tasks.</p></li>
	<li><p data-start=""..."" data-end=""...""><strong>Blazing Fast Storage</strong><br />Benefit from incredible speed and responsiveness with the 512GB PCIe NVMe M.2 SSD. This solid-state drive offers significantly faster boot times and application loading compared to traditional HDDs. Store all your essential documents, media, and software with confidence. Enjoy quick access to your files and a more fluid user experience overall.</p></li>
	<li><p data-start=""..."" data-end=""...""><strong>Enhanced Graphics</strong><br />Dive into richer visuals with the integrated NVIDIA GeForce MX550 2GB GDDR6 Graphics. This dedicated graphics card provides a noticeable boost in performance for photo editing, light video work, and casual gaming. Enjoy smoother visuals and more vibrant colors on your screen. It enhances your overall multimedia experience for various tasks.</p></li>
	<li><p data-start=""..."" data-end=""...""><strong>Vibrant Full HD Display</strong><br />The 15.6-inch Full HD (1920x1080) display delivers stunning clarity and vibrant colors. Enjoy immersive viewing for movies, presentations, and detailed work. Its anti-glare panel minimizes reflections, ensuring comfortable viewing even in bright environments. This display is perfect for productivity and entertainment alike, reducing eye strain during long sessions.</p></li>
	<li><p data-start=""..."" data-end=""...""><strong>Modern Connectivity</strong><br />Stay connected with Realtek Wi-Fi 6E (2x2) and Bluetooth 5.3. Wi-Fi 6E provides faster, more reliable wireless speeds and improved network efficiency. Bluetooth 5.3 ensures seamless connections with your wireless accessories. Essential ports include one USB Type-C 5Gbps, two USB Type-A 5Gbps, and one HDMI 1.4b. A stereo headphone/microphone combo jack is also available for your audio needs.</p></li>
	<li><p data-start=""..."" data-end=""...""><strong>Productivity & Security</strong><br />The HP 250 G10 comes with a comfortable backlit keyboard, making typing easy in low-light conditions. A 1080p FHD camera and integrated digital microphone ensure clear video calls and online meetings. Stereo speakers provide good audio quality for multimedia content. The FreeDOS operating system offers flexibility for installing your preferred OS, giving you complete control.</p></li>
</ul>

<h3 data-start=""..."" data-end=""..."">Specifications</h3>
<h4><strong data-start=""..."" data-end=""..."">General</strong></h4>
<div class=""TyagGW_tableContainer"">
<div class=""group TyagGW_tableWrapper flex w-fit flex-col-reverse"">
<table class=""w-fit min-w-(--thread-content-width)"" data-start=""..."" data-end=""..."">
<thead>
<tr>
<th data-start=""..."" data-end=""..."" data-col-size=""sm""><strong data-start=""..."" data-end=""..."">Feature</strong></th>
<th data-start=""..."" data-end=""..."" data-col-size=""sm""><strong data-start=""..."" data-end=""..."">Specification</strong></th>
</tr>
</thead>
<tbody>
<tr>
<td data-start=""..."" data-end=""..."" data-col-size=""sm"">Model No</td>
<td data-start=""..."" data-end=""..."" data-col-size=""sm"">8A544EA</td>
</tr>
<tr>
<td data-start=""..."" data-end=""..."" data-col-size=""sm"">Processor</td>
<td data-start=""..."" data-end=""..."" data-col-size=""sm"">Intel Core i7 1355U</td>
</tr>
<tr>
<td data-start=""..."" data-end=""..."" data-col-size=""sm"">RAM</td>
<td data-start=""..."" data-end=""..."" data-col-size=""sm"">8GB DDR4 3200MHz</td>
</tr>
<tr>
<td data-start=""..."" data-end=""..."" data-col-size=""sm"">Storage</td>
<td data-start=""..."" data-end=""..."" data-col-size=""sm"">512GB PCIe NVMe M.2 SSD</td>
</tr>
<tr>
<td data-start=""..."" data-end=""..."" data-col-size=""sm"">Graphics</td>
<td data-start=""..."" data-end=""..."" data-col-size=""sm"">NVIDIA GeForce MX550 2GB GDDR6</td>
</tr>
<tr>
<td data-start=""..."" data-end=""..."" data-col-size=""sm"">Operating System</td>
<td data-start=""..."" data-end=""..."" data-col-size=""sm"">FreeDOS</td>
</tr>
<tr>
<td data-start=""..."" data-end=""..."" data-col-size=""sm"">Display</td>
<td data-start=""..."" data-end=""..."" data-col-size=""sm"">15.6"" FHD</td>
</tr>
<tr>
<td data-start=""..."" data-end=""..."" data-col-size=""sm"">Optical Drive</td>
<td data-start=""..."" data-end=""..."" data-col-size=""sm"">No ODD</td>
</tr>
<tr>
<td data-start=""..."" data-end=""..."" data-col-size=""sm"">Wireless</td>
<td data-start=""..."" data-end=""..."" data-col-size=""sm"">Realtek Wi-Fi 6E RTL8852BE (2x2)</td>
</tr>
<tr>
<td data-start=""..."" data-end=""..."" data-col-size=""sm"">Bluetooth</td>
<td data-start=""..."" data-end=""..."" data-col-size=""sm"">Bluetooth 5.3</td>
</tr>
<tr>
<td data-start=""..."" data-end=""..."" data-col-size=""sm"">Camera</td>
<td data-start=""..."" data-end=""..."" data-col-size=""sm"">1080p FHD Camera</td>
</tr>
<tr>
<td data-start=""..."" data-end=""..."" data-col-size=""sm"">Audio</td>
<td data-start=""..."" data-end=""..."" data-col-size=""sm"">Stereo speakers, integrated digital microphone</td>
</tr>
<tr>
<td data-start=""..."" data-end=""..."" data-col-size=""sm"">Keyboard</td>
<td data-start=""..."" data-end=""..."" data-col-size=""sm"">Backlit Keyboard</td>
</tr>
<tr>
<td data-start=""..."" data-end=""..."" data-col-size=""sm"">Color</td>
<td data-start=""..."" data-end=""..."" data-col-size=""sm"">Turbo Silver</td>
</tr>
<tr>
<td data-start=""..."" data-end=""..."" data-col-size=""sm"">Ports</td>
<td data-start=""..."" data-end=""..."" data-col-size=""sm"">1x USB Type-C 5Gbps, 2x USB Type-A 5Gbps, 1x HDMI 1.4b, 1x stereo headphone/microphone combo, 1x AC power</td>
</tr>
<tr>
<td data-start=""..."" data-end=""..."" data-col-size=""sm"">Warranty</td>
<td data-start=""..."" data-end=""..."" data-col-size=""sm"">1 Year</td>
</tr>
</tbody>
</table>
</div>
</div>

<h3 data-start=""..."" data-end=""..."">Optimized for Daily Use</h3>
<ul>
	<li><p data-start=""..."" data-end=""..."">The HP 250 G10 Notebook PC is engineered for daily productivity and reliability. Its robust build quality ensures durability for everyday use. The efficient thermal design keeps the laptop cool during extended operation. This makes it a dependable companion for both office and on-the-go tasks. Work smarter and achieve more with this versatile HP laptop. It truly delivers exceptional value for its class.</p></li>
</ul>

<h3 data-start=""..."" data-end=""..."">What’s in the Box</h3>
<ul>
	<li><p data-start=""..."" data-end=""..."">HP 250 G10 Notebook PC</p></li>
	<li><p data-start=""..."" data-end=""..."">AC Power Adapter</p></li>
	<li><p data-start=""..."" data-end=""..."">Documentation</p></li>
</ul>

<h3 data-start=""..."" data-end=""..."">Why Choose the HP 250 G10 Notebook PC</h3>
<ul>
	<li><p data-start=""..."" data-end=""..."">Powerful Intel Core i7 performance for demanding applications.</p></li>
	<li><p data-start=""..."" data-end=""..."">Fast 512GB NVMe SSD for quick boot-ups and rapid data access.</p></li>
	<li><p data-start=""..."" data-end=""..."">Dedicated NVIDIA graphics enhance visuals for work and entertainment.</p></li>
	<li><p data-start=""..."" data-end=""..."">Reliable HP build quality with a 1-year warranty for peace of mind.</p></li>
	<li><p data-start=""..."" data-end=""..."">Modern connectivity options including Wi-Fi 6E and USB-C for seamless integration.</p></li>
</ul>",,,taxable,,1,,0,0,,,,,1,,,80000,Computing > Laptops > HP Laptops,HP | Notebook | Laptop | 250 G10 | Intel Core i7 | i7 1355U | 8GB DDR4 RAM | 512GB SSD | NVMe SSD | NVIDIA GeForce MX550 | 2GB GDDR6 | 15.6 inch | FHD | FreeDOS | Wi-Fi 6E | Bluetooth 5.3 | Backlit Keyboard | Turbo Silver | Business Laptop | Student Laptop,,,,,,,,,,,0,Model No,8A544EA,1,0,Processor,Intel Core i7 1355U,1,0,RAM,8GB DDR4 3200MHz,1,0,HP 250 G10 Laptop,"Boost productivity with the HP 250 G10 Notebook PC. Featuring an Intel Core i7, 8GB RAM, 512GB SSD, and MX550 graphics. Priced at 80000.0.","HP 250 G10 Notebook PC - Intel Core i7, 8GB RAM, 512GB SSD, MX550 Graphics","HP 250 G10 Notebook PC - Intel Core i7, 8GB RAM, 512GB SSD, MX550 Graphics - Product Image","High-quality image of HP 250 G10 Notebook PC - Intel Core i7, 8GB RAM, 512GB SSD, MX550 Graphics showing design and features"
simple,A22YBEA,"HP ProBook 440 G11 Laptop (Intel Ultra 7, 8GB RAM, 512GB SSD, 14"" WUXGA, FreeDOS)",1,0,visible,"<h3 data-start=""..."" data-end=""..."">HP ProBook 440 G11 Laptop</h3>
<table>
<thead>
<tr>
<th></th>
<th></th>
</tr>
</thead>
<tbody>
<tr>
<td>Processor</td>
<td>Intel Core Ultra 7 155U</td>
</tr>
<tr>
<td>RAM</td>
<td>8GB DDR5 5600MHz</td>
</tr>
<tr>
<td>Storage</td>
<td>512GB PCIe NVMe M.2 SSD</td>
</tr>
<tr>
<td>Operating System</td>
<td>FreeDOS</td>
</tr>
<tr>
<td>Display</td>
<td>14"" WUXGA</td>
</tr>
<tr>
<td>Wireless</td>
<td>Wi-Fi 6E, Bluetooth 5.3</td>
</tr>
<tr>
<td>Security</td>
<td>Fingerprint Reader</td>
</tr>
<tr>
<td>Keyboard</td>
<td>Backlit Keyboard</td>
</tr>
<tr>
<td>Warranty</td>
<td>1 Year Seller Warranty</td>
</tr>
</tbody>
</table>","<h2 data-start=""..."" data-end=""..."">HP ProBook 440 G11 Laptop</h2>
<p data-start=""..."" data-end=""..."">Unleash your productivity with the HP ProBook 440 G11. This powerful business laptop features an Intel Core Ultra 7 155U processor. It comes equipped with 8GB of high-speed DDR5 RAM. A spacious 512GB PCIe NVMe M.2 SSD ensures rapid data access. Experience crisp visuals on its vibrant 14-inch WUXGA display. Designed for efficiency, this ProBook offers robust security features. Enjoy seamless connectivity and a comfortable, backlit keyboard for all-day work.</p>

<h3 data-start=""..."" data-end=""..."">Key Features</h3>
<ul>
	<li><p data-start=""..."" data-end=""""><strong>Next-Gen Performance</strong><br />The HP ProBook 440 G11 is powered by an Intel Core Ultra 7 155U processor. This ensures exceptional speed and responsiveness for demanding tasks. Multitask effortlessly and run complex applications with ease. Enjoy a smooth computing experience every day.</p></li>
	<li><p data-start=""..."" data-end=""""><strong>Blazing Fast Memory & Storage</strong><br />Benefit from 8GB of DDR5 5600MHz RAM for superior performance. A 512GB PCIe NVMe M.2 SSD provides ample storage and lightning-fast boot times. Access your files and applications in seconds. This combination boosts your overall system efficiency.</p></li>
	<li><p data-start=""..."" data-end=""""><strong>Vivid WUXGA Display</strong><br />Immerse yourself in stunning visuals on the 14-inch WUXGA display. It delivers clear, sharp images and vibrant colors. Perfect for presentations, detailed work, and casual viewing. The display enhances your professional and personal projects.</p></li>
	<li><p data-start=""..."" data-end=""""><strong>Advanced Wireless Connectivity</strong><br />Stay connected with Intel Wi-Fi 6E AX211 (2x2) and Bluetooth 5.3. Enjoy gigabit data rates for fast internet and reliable peripheral connections. This ensures smooth online meetings, quick file transfers, and uninterrupted streaming. Work from anywhere with confidence.</p></li>
	<li><p data-start=""..."" data-end=""""><strong>Enhanced Audio & Video Experience</strong><br />Engage in crystal-clear video calls with the 1080p FHD camera. Audio by Poly Studio ensures premium sound quality. Dual stereo speakers with discrete amplifiers provide rich audio. Integrated dual array microphones capture your voice clearly. Collaborate effectively with superior communication tools.</p></li>
	<li><p data-start=""..."" data-end=""""><strong>Robust Security Features</strong><br />Protect your data with the integrated Fingerprint Reader. A Nano Security Lock Slot adds physical security. These features keep your laptop and sensitive information safe. Work securely and confidently, knowing your device is protected.</p></li>
	<li><p data-start=""..."" data-end=""""><strong>Versatile Port Selection</strong><br />Connect all your essential peripherals with a comprehensive port array. It includes two USB Type-C (20Gbps, Power Delivery, DisplayPort 1.4, HP Sleep and Charge) ports. Also find two USB Type-A (5Gbps, 1 charging, 1 power), one HDMI 2.1, one stereo headphone/microphone combo jack, and one RJ-45. Stay productive with easy connections.</p></li>
	<li><p data-start=""..."" data-end=""""><strong>Comfortable and Stylish Design</strong><br />The ProBook 440 G11 features a comfortable backlit keyboard. Work efficiently even in low-light conditions. Its elegant Pike Silver finish offers a professional look. This laptop combines style with practical functionality for daily use.</p></li>
</ul>

<h3 data-start=""..."" data-end=""..."">Specifications</h3>
<h4><strong data-start=""..."" data-end=""..."">General</strong></h4>
<div class=""TyagGW_tableContainer"">
<div class=""group TyagGW_tableWrapper flex w-fit flex-col-reverse"">
<table class=""w-fit min-w-(--thread-content-width)"" data-start=""..."" data-end=""..."">
<thead>
<tr>
<th data-start=""..."" data-end=""..."" data-col-size=""sm""><strong data-start=""..."" data-end=""..."">Feature</strong></th>
<th data-start=""..."" data-end=""..."" data-col-size=""sm""><strong data-start=""..."" data-end=""..."">Specification</strong></th>
</tr>
</thead>
<tbody>
<tr>
<td data-start=""..."" data-end=""..."" data-col-size=""sm"">Processor</td>
<td data-start=""..."" data-end=""..."" data-col-size=""sm"">Intel Core Ultra 7 155U</td>
</tr>
<tr>
<td data-start=""..."" data-end=""..."" data-col-size=""sm"">RAM</td>
<td data-start=""..."" data-end=""..."" data-col-size=""sm"">8GB DDR5 5600MHz</td>
</tr>
<tr>
<td data-start=""..."" data-end=""..."" data-col-size=""sm"">Storage</td>
<td data-start=""..."" data-end=""..."" data-col-size=""sm"">512GB PCIe NVMe M.2 SSD</td>
</tr>
<tr>
<td data-start=""..."" data-end=""..."" data-col-size=""sm"">Operating System</td>
<td data-start=""..."" data-end=""..."" data-col-size=""sm"">FreeDOS</td>
</tr>
<tr>
<td data-start=""..."" data-end=""..."" data-col-size=""sm"">Display</td>
<td data-start=""..."" data-end=""..."" data-col-size=""sm"">14"" WUXGA</td>
</tr>
<tr>
<td data-start=""..."" data-end=""..."" data-col-size=""sm"">Optical Drive</td>
<td data-start=""..."" data-end=""..."" data-col-size=""sm"">No ODD</td>
</tr>
<tr>
<td data-start=""..."" data-end=""..."" data-col-size=""sm"">Wireless Connectivity</td>
<td data-start=""..."" data-end=""..."" data-col-size=""sm"">Intel Wi-Fi 6E AX211 (2x2)</td>
</tr>
<tr>
<td data-start=""..."" data-end=""..."" data-col-size=""sm"">Bluetooth</td>
<td data-start=""..."" data-end=""..."" data-col-size=""sm"">Bluetooth 5.3</td>
</tr>
<tr>
<td data-start=""..."" data-end=""..."" data-col-size=""sm"">Camera</td>
<td data-start=""..."" data-end=""..."" data-col-size=""sm"">1080p FHD Camera</td>
</tr>
<tr>
<td data-start=""..."" data-end=""..."" data-col-size=""sm"">Audio</td>
<td data-start=""..."" data-end=""..."" data-col-size=""sm"">Audio by Poly Studio, Dual stereo speakers, Dual array microphones</td>
</tr>
<tr>
<td data-start=""..."" data-end=""..."" data-col-size=""sm"">Security</td>
<td data-start=""..."" data-end=""..."" data-col-size=""sm"">Fingerprint Reader, Nano Security Lock Slot</td>
</tr>
<tr>
<td data-start=""..."" data-end=""..."" data-col-size=""sm"">Keyboard</td>
<td data-start=""..."" data-end=""..."" data-col-size=""sm"">Backlit Keyboard</td>
</tr>
<tr>
<td data-start=""..."" data-end=""..."" data-col-size=""sm"">Color</td>
<td data-start=""..."" data-end=""..."" data-col-size=""sm"">Pike Silver</td>
</tr>
<tr>
<td data-start=""..."" data-end=""..."" data-col-size=""sm"">Warranty</td>
<td data-start=""..."" data-end=""..."" data-col-size=""sm"">1 Year from Seller</td>
</tr>
<tr>
<td data-start=""..."" data-end=""..."" data-col-size=""sm"">Ports</td>
<td data-start=""..."" data-end=""..."" data-col-size=""sm"">2x USB Type-C (20Gbps, PD, DP 1.4, HP Sleep and Charge), 2x USB Type-A (5Gbps, 1 charging, 1 power), 1x HDMI 2.1, 1x stereo headphone/microphone combo jack, 1x RJ-45</td>
</tr>
</tbody>
</table>
</div>
</div>

<h3 data-start=""..."" data-end=""..."">What’s in the Box</h3>
<ul>
	<li><p data-start=""..."" data-end="""">HP ProBook 440 G11 Laptop (A22YBEA)</p></li>
	<li><p data-start=""..."" data-end="""">AC Power Adapter</p></li>
	<li><p data-start=""..."" data-end="""">Documentation and Setup Guide</p></li>
</ul>

<h3 data-start=""..."" data-end=""..."">Why Choose HP ProBook 440 G11</h3>
<ul>
	<li><p data-start=""..."" data-end="""">Experience powerful performance with Intel Core Ultra 7 for all your business applications.</p></li>
	<li><p data-start=""..."" data-end="""">Benefit from enhanced security features like a fingerprint reader, keeping your data safe.</p></li>
	<li><p data-start=""..."" data-end="""">Enjoy a versatile and portable design, perfect for professionals on the go.</p></li>
	<li><p data-start=""..."" data-end="""">Connect seamlessly with Wi-Fi 6E and a wide array of essential ports.</p></li>
</ul>",,,taxable,,1,,0,0,,,,,1,,,92000,Computing > Laptops > HP Laptops,HP | ProBook 440 G11 | Laptop | Intel Core Ultra 7 | Ultra 7 155U | 8GB DDR5 RAM | 512GB SSD | 14 inch Laptop | WUXGA Display | FreeDOS | Business Laptop | Backlit Keyboard | Fingerprint Reader | Wi-Fi 6E | Bluetooth 5.3 | USB-C | HDMI 2.1 | Pike Silver,,,,,,,,,,,0,Processor,Intel Core Ultra 7 155U,1,0,RAM,8GB DDR5 5600MHz,1,0,Storage,512GB PCIe NVMe M.2 SSD,1,0,HP ProBook 440 G11 Laptop,"Boost productivity with the HP ProBook 440 G11. Features Intel Ultra 7, 8GB DDR5 RAM, 512GB SSD, 14"" WUXGA display, and FreeDOS. Secure, powerful. Price: 92000.0.","HP ProBook 440 G11 Laptop (Intel Ultra 7, 8GB RAM, 512GB SSD, 14"" WUXGA, FreeDOS)","HP ProBook 440 G11 Laptop (Intel Ultra 7, 8GB RAM, 512GB SSD, 14"" WUXGA, FreeDOS) - Product Image","High-quality image of HP ProBook 440 G11 Laptop (Intel Ultra 7, 8GB RAM, 512GB SSD, 14"" WUXGA, FreeDOS) showing design and features"
simple,85C40EA,"HP ProBook 450 G10 15.6"" FHD Touch i5 1335U 16GB RAM 512GB SSD FreeDOS",1,0,visible,"<h3 data-start=""..."" data-end=""..."">HP ProBook 450 G10 15.6"" FHD Touch</h3>
<table>
<thead>
<tr>
<th></th>
<th></th>
</tr>
</thead>
<tbody>
<tr>
<td>Processor</td>
<td>Intel Core i5 1335U (13th Gen)</td>
</tr>
<tr>
<td>RAM</td>
<td>16GB DDR4 3200MHz</td>
</tr>
<tr>
<td>Storage</td>
<td>512GB PCIe NVMe M.2 SSD</td>
</tr>
<tr>
<td>Display</td>
<td>15.6"" FHD Touch Screen</td>
</tr>
<tr>
<td>Operating System</td>
<td>FreeDOS</td>
</tr>
<tr>
<td>Connectivity</td>
<td>Wi-Fi 6E, Bluetooth 5.3, USB-C, HDMI, RJ-45</td>
</tr>
<tr>
<td>Security</td>
<td>Fingerprint Reader</td>
</tr>
</tbody>
</table>","<h2 data-start=""..."" data-end=""..."">HP ProBook 450 G10 15.6"" FHD Touch i5 1335U</h2>
<p data-start=""..."" data-end=""..."">Experience powerful performance and versatile functionality with the HP ProBook 450 G10. This modern business laptop is engineered for productivity. It combines a robust Intel Core i5 1335U processor with a vibrant 15.6-inch Full HD touchscreen. Enjoy seamless multitasking and efficient workflows. The ProBook 450 G10 offers essential features for today's dynamic work environments. Its sleek Pike Silver design ensures a professional appearance. Work smarter and stay connected effortlessly with this reliable HP laptop.</p>

<h3 data-start=""..."" data-end=""..."">Key Features</h3>
<ul>
	<li><p data-start=""..."" data-end=""...""><strong>Powerful 13th Gen Intel Core i5 Processor</strong><br />The HP ProBook 450 G10 features an Intel Core i5 1335U processor. This 13th generation CPU delivers exceptional speed and efficiency. It handles demanding applications and multitasking with ease. Boost your productivity throughout the workday. Enjoy responsive performance for all your business needs.</p></li>
	<li><p data-start=""..."" data-end=""...""><strong>Vibrant 15.6-inch Full HD Touch Screen</strong><br />Interact intuitively with your content on the 15.6-inch Full HD touch display. This screen offers crisp visuals and vivid colors. The touch functionality enhances user experience. It allows for natural navigation and interaction. Enjoy an immersive viewing experience for presentations and daily tasks alike.</p></li>
	<li><p data-start=""..."" data-end=""...""><strong>Ample Memory and Blazing-Fast Storage</strong><br />Equipped with 16GB of DDR4 3200 RAM, this ProBook ensures smooth operation. It handles multiple applications without slowdowns. A 512GB PCIe NVMe M.2 SSD provides lightning-fast boot times and rapid data access. Store all your important files and programs with confidence. Experience improved overall system responsiveness.</p></li>
	<li><p data-start=""..."" data-end=""...""><strong>Advanced Connectivity Options</strong><br />Stay connected with Intel Wi-Fi 6E AX211 (2x2) and Bluetooth 5.3. These technologies provide fast, reliable wireless connections. The laptop also includes two USB Type-C 10Gbps ports (with Power Delivery and DisplayPort 2.1). Two USB Type-A ports, HDMI 2.1, and an RJ-45 port offer extensive peripheral compatibility. Connect all your devices effortlessly.</p></li>
	<li><p data-start=""...  "" data-end=""...""><strong>Enhanced Security and Convenience</strong><br />Protect your data with the integrated Fingerprint Reader. This offers secure, password-less login. The backlit keyboard allows for comfortable typing in low-light conditions. A 720p HD camera and dual array microphones facilitate clear video conferencing. The Nano Security Lock Slot provides physical security for your device.</p></li>
</ul>

<h3 data-start=""..."" data-end=""..."">Specifications</h3>
<h4><strong data-start=""..."" data-end=""..."">General</strong></h4>
<div class=""TyagGW_tableContainer"">
<div class=""group TyagGW_tableWrapper flex w-fit flex-col-reverse"">
<table class=""w-fit min-w-(--thread-content-width)"" data-start=""..."" data-end=""..."">
<thead>
<tr>
<th data-start=""..."" data-end=""..."" data-col-size=""sm""><strong data-start=""..."" data-end=""..."">Feature</strong></th>
<th data-start=""..."" data-end=""..."" data-col-size=""sm""><strong data-start=""..."" data-end=""..."">Specification</strong></th>
</tr>
</thead>
<tbody>
<tr>
<td data-start=""..."" data-end=""..."" data-col-size=""sm"">Part Number</td>
<td data-start=""..."" data-end=""..."" data-col-size=""sm"">85C40EA</td>
</tr>
<tr>
<td data-start=""..."" data-end=""..."" data-col-size=""sm"">Processor</td>
<td data-start=""..."" data-end=""..."" data-col-size=""sm"">Intel Core i5 1335U (13th Gen)</td>
</tr>
<tr>
<td data-start=""..."" data-end=""..."" data-col-size=""sm"">RAM</td>
<td data-start=""..."" data-end=""..."" data-col-size=""sm"">16GB DDR4 3200MHz</td>
</tr>
<tr>
<td data-start=""..."" data-end=""..."" data-col-size=""sm"">Storage</td>
<td data-start=""..."" data-end=""..."" data-col-size=""sm"">512GB PCIe NVMe M.2 SSD</td>
</tr>
<tr>
<td data-start=""..."" data-end=""..."" data-col-size=""sm"">Operating System</td>
<td data-start=""..."" data-end=""..."" data-col-size=""sm"">FreeDOS</td>
</tr>
<tr>
<td data-start=""..."" data-end=""..."" data-col-size=""sm"">Display</td>
<td data-start=""..."" data-end=""..."" data-col-size=""sm"">15.6"" FHD (1920x1080) Touch Screen</td>
</tr>
<tr>
<td data-start=""..."" data-end=""..."" data-col-size=""sm"">Optical Drive</td>
<td data-start=""..."" data-end=""..."" data-col-size=""sm"">No ODD</td>
</tr>
<tr>
<td data-start=""..."" data-end=""..."" data-col-size=""sm"">Wireless</td>
<td data-start=""..."" data-end=""..."" data-col-size=""sm"">Intel Wi-Fi 6E AX211 (2x2) and Bluetooth 5.3</td>
</tr>
<tr>
<td data-start=""..."" data-end=""..."" data-col-size=""sm"">Camera</td>
<td data-start=""..."" data-end=""..."" data-col-size=""sm"">720p HD Camera</td>
</tr>
<tr>
<td data-start=""..."" data-end=""..."" data-col-size=""sm"">Audio</td>
<td data-start=""..."" data-end=""..."" data-col-size=""sm"">Dual stereo speakers, dual array microphones</td>
</tr>
<tr>
<td data-start=""..."" data-end=""..."" data-col-size=""sm"">Security</td>
<td data-start=""..."" data-end=""..."" data-col-size=""sm"">Fingerprint Reader, Nano Security Lock Slot</td>
</tr>
<tr>
<td data-start=""..."" data-end=""..."" data-col-size=""sm"">Keyboard</td>
<td data-start=""..."" data-end=""..."" data-col-size=""sm"">Backlit Keyboard</td>
</tr>
<tr>
<td data-start=""..."" data-end=""..."" data-col-size=""sm"">Color</td>
<td data-start=""..."" data-end=""..."" data-col-size=""sm"">Pike Silver</td>
</tr>
<tr>
<td data-start=""..."" data-end=""..."" data-col-size=""sm"">Ports</td>
<td data-start=""..."" data-end=""..."" data-col-size=""sm"">2x USB Type-C (10Gbps, PD, DP 2.1), 2x USB Type-A (5Gbps), 1x HDMI 2.1, 1x RJ-45, 1x Headphone/Mic combo, 1x AC power</td>
</tr>
<tr>
<td data-start=""..."" data-end=""..."" data-col-size=""sm"">Warranty</td>
<td data-start=""..."" data-end=""..."" data-col-size=""sm"">1 Year Seller Warranty</td>
</tr>
</tbody>
</table>
</div>
</div>

<h3 data-start=""..."" data-end=""..."">Designed for Business Productivity</h3>
<ul>
	<li><p data-start=""..."" data-end=""..."">The HP ProBook 450 G10 provides a reliable platform for business users. Its robust construction ensures durability for daily use.</p></li>
	<li><p data-start=""..."" data-end=""..."">Benefit from a comprehensive set of ports. This allows easy connection to various peripherals and external displays. Enhance your workstation setup.</p></li>
	<li><p data-start=""..."" data-end=""..."">FreeDOS offers flexibility. Install your preferred operating system. Customize your laptop experience to perfectly match your specific requirements.</p></li>
</ul>

<h3 data-start=""..."" data-end=""..."">What’s in the Box</h3>
<ul>
	<li><p data-start=""..."" data-end=""..."">HP ProBook 450 G10 Laptop</p></li>
	<li><p data-start=""..."" data-end=""..."">AC Power Adapter</p></li>
	<li><p data-start=""..."" data-end=""..."">Documentation</p></li>
</ul>

<h3 data-start=""..."" data-end=""..."">Why Choose the HP ProBook 450 G10</h3>
<ul>
	<li><p data-start=""..."" data-end=""...""><strong>Reliable Performance:</strong> The 13th Gen Intel Core i5 processor ensures consistent, high-speed performance for all business tasks.</p></li>
	<li><p data-start=""..."" data-end=""...""><strong>Interactive Experience:</strong> The Full HD touch screen offers an engaging and intuitive way to work and navigate.</p></li>
	<li><p data-start=""..."" data-end=""...""><strong>Enhanced Security:</strong> A built-in fingerprint reader protects your valuable data and ensures secure access.</p></li>
	<li><p data-start=""..."" data-end=""...""><strong>Future-Ready Connectivity:</strong> Wi-Fi 6E and a variety of modern ports keep you connected and productive.</p></li>
</ul>",,,taxable,,1,,0,0,,,,,1,,,77000,Computing > Laptops > HP Laptops,HP | ProBook 450 G10 | Intel Core i5 1335U | 13th Gen Intel | 16GB DDR4 RAM | 512GB NVMe SSD | 15.6 inch FHD Touch | FreeDOS Laptop | Business Laptop | Backlit Keyboard | Fingerprint Reader | Wi-Fi 6E | USB-C | Pike Silver | HP Business,,,,,,,,,,,0,Processor,Intel Core i5 1335U,1,0,RAM,16GB DDR4 3200MHz,1,0,Storage,512GB PCIe NVMe M.2 SSD,1,0,HP ProBook 450 G10 i5,"Boost productivity with the HP ProBook 450 G10. Features Intel Core i5 1335U, 16GB RAM, 512GB SSD, and a 15.6"" FHD Touch Screen. Price: 77000.0.","HP ProBook 450 G10 15.6"" FHD Touch i5 1335U 16GB RAM 512GB SSD FreeDOS","HP ProBook 450 G10 15.6"" FHD Touch i5 1335U 16GB RAM 512GB SSD FreeDOS - Product Image","High-quality image of HP ProBook 450 G10 15.6"" FHD Touch i5 1335U 16GB RAM 512GB SSD FreeDOS showing design and features"
simple,967U5ET,HP ProBook 450 G10 Laptop,1,0,visible,"<h3 data-start=""..."" data-end=""..."">HP ProBook 450 G10 Laptop</h3>
<table>
<thead>
<tr>
<th></th>
<th></th>
</tr>
</thead>
<tbody>
<tr>
<td>Processor</td>
<td>Intel Core i7 1355U</td>
</tr>
<tr>
<td>RAM</td>
<td>8GB DDR4 3200</td>
</tr>
<tr>
<td>Storage</td>
<td>512GB PCIe NVMe M.2 SSD</td>
</tr>
<tr>
<td>Display</td>
<td>15.6"" FHD</td>
</tr>
<tr>
<td>Operating System</td>
<td>FreeDOS</td>
</tr>
<tr>
<td>Security</td>
<td>Fingerprint Reader</td>
</tr>
<tr>
<td>Connectivity</td>
<td>Wi-Fi 6E, Bluetooth 5.3, USB-C, HDMI</td>
</tr>
</tbody>
</table>","<h2 data-start=""..."" data-end=""..."">HP ProBook 450 G10 Laptop</h2>
<p data-start=""..."" data-end=""..."">Unlock your potential with the HP ProBook 450 G10 laptop. This powerful machine combines performance, security, and durability. It is ideal for modern professionals. Experience seamless multitasking and robust data protection. The ProBook 450 G10 ensures you stay productive and connected. Its sleek Pike Silver finish adds a touch of sophistication to your workspace. Rely on HP for dependable computing solutions.</p>

<h3 data-start=""..."" data-end=""..."">Key Features</h3>
<ul>
	<li><p data-start=""..."" data-end=""...""><strong>Exceptional Performance</strong><br />The HP ProBook 450 G10 features an Intel Core i7 1355U processor. This 13th generation CPU delivers outstanding speed and efficiency. Coupled with 8GB of DDR4 3200 RAM, it handles demanding applications with ease. A rapid 512GB PCIe NVMe M.2 SSD ensures lightning-fast boot times and quick data access. Enjoy a smooth and responsive computing experience every day.</p></li>
	<li><p data-start=""..."" data-end=""...""><strong>Vibrant Full HD Display</strong><br />Immerse yourself in stunning visuals on the 15.6-inch Full HD display. This screen provides crisp, clear images and vibrant colors. It is perfect for detailed work, presentations, or enjoying multimedia content. The anti-glare panel reduces reflections, enhancing viewing comfort in various lighting conditions. Work or relax with superior visual clarity.</p></li>
	<li><p data-start=""..."" data-end=""...""><strong>Advanced Connectivity</strong><br />Stay connected with Intel Wi-Fi 6E AX211 (2x2) for blazing-fast wireless speeds. Bluetooth 5.3 offers seamless pairing with peripherals. The laptop also features versatile ports. These include two USB Type-C 10Gbps (with Power Delivery and DisplayPort 2.1). Two USB Type-A 5Gbps ports are also available. Connect to external displays via HDMI 2.1. An RJ-45 port ensures reliable wired network access. A stereo headphone/microphone combo jack provides audio convenience.</p></li>
	<li><p data-start=""..."" data-end=""...""><strong>Enhanced Security and Usability</strong><br />Protect your data with the integrated Fingerprint Reader. This offers secure, personalized access. The backlit keyboard allows for comfortable typing in low-light environments. A 720p HD Camera and dual array microphones are perfect for clear video conferencing. The Nano Security Lock Slot provides physical security, keeping your device safe. Work confidently with peace of mind.</p></li>
</ul>

<h3 data-start=""..."" data-end=""..."">Specifications</h3>
<h4><strong data-start=""..."" data-end=""..."">General</strong></h4>
<div class=""TyagGW_tableContainer"">
<div class=""group TyagGW_tableWrapper flex w-fit flex-col-reverse"">
<table class=""w-fit min-w-(--thread-content-width)"" data-start=""..."" data-end=""..."">
<thead>
<tr>
<th data-start=""..."" data-end=""..."" data-col-size=""sm""><strong data-start=""..."" data-end=""..."">Feature</strong></th>
<th data-start=""..."" data-end=""..."" data-col-size=""sm""><strong data-start=""..."" data-end=""..."">Specification</strong></th>
</tr>
</thead>
<tbody>
<tr>
<td data-start=""..."" data-end=""..."" data-col-size=""sm"">Model</td>
<td data-start=""..."" data-end=""..."" data-col-size=""sm"">HP ProBook 450 G10</td>
</tr>
<tr>
<td data-start=""..."" data-end=""..."" data-col-size=""sm"">Part Number</td>
<td data-start=""..."" data-end=""..."" data-col-size=""sm"">967U5ET</td>
</tr>
<tr>
<td data-start=""..."" data-end=""..."" data-col-size=""sm"">Processor</td>
<td data-start=""..."" data-end=""..."" data-col-size=""sm"">Intel Core i7 1355U (13th Gen)</td>
</tr>
<tr>
<td data-start=""..."" data-end=""..."" data-col-size=""sm"">RAM</td>
<td data-start=""..."" data-end=""..."" data-col-size=""sm"">8GB DDR4 3200 MHz</td>
</tr>
<tr>
<td data-start=""..."" data-end=""..."" data-col-size=""sm"">Storage</td>
<td data-start=""..."" data-end=""..."" data-col-size=""sm"">512GB PCIe NVMe M.2 SSD</td>
</tr>
<tr>
<td data-start=""..."" data-end=""..."" data-col-size=""sm"">Operating System</td>
<td data-start=""..."" data-end=""..."" data-col-size=""sm"">FreeDOS</td>
</tr>
<tr>
<td data-start=""..."" data-end=""..."" data-col-size=""sm"">Display</td>
<td data-start=""..."" data-end=""..."" data-col-size=""sm"">15.6"" Full HD (FHD)</td>
</tr>
<tr>
<td data-start=""..."" data-end=""..."" data-col-size=""sm"">Optical Drive</td>
<td data-start=""..."" data-end=""..."" data-col-size=""sm"">No ODD</td>
</tr>
<tr>
<td data-start=""..."" data-end=""..."" data-col-size=""sm"">Wireless</td>
<td data-start=""..."" data-end=""..."" data-col-size=""sm"">Intel Wi-Fi 6E AX211 (2x2) and Bluetooth 5.3</td>
</tr>
<tr>
<td data-start=""..."" data-end=""..."" data-col-size=""sm"">Camera</td>
<td data-start=""..."" data-end=""..."" data-col-size=""sm"">720p HD Camera</td>
</tr>
<tr>
<td data-start=""..."" data-end=""..."" data-col-size=""sm"">Audio</td>
<td data-start=""..."" data-end=""..."" data-col-size=""sm"">Dual stereo speakers, dual array microphones</td>
</tr>
<tr>
<td data-start=""..."" data-end=""..."" data-col-size=""sm"">Keyboard</td>
<td data-start=""..."" data-end=""..."" data-col-size=""sm"">Backlit Keyboard</td>
</tr>
<tr>
<td data-start=""..."" data-end=""..."" data-col-size=""sm"">Security</td>
<td data-start=""..."" data-end=""..."" data-col-size=""sm"">Fingerprint Reader, Nano Security Lock Slot</td>
</tr>
<tr>
<td data-start=""..."" data-end=""..."" data-col-size=""sm"">Ports</td>
<td data-start=""..."" data-end=""..."" data-col-size=""sm"">2x USB Type-C 10Gbps (PD, DP 2.1), 2x USB Type-A 5Gbps (1 charging, 1 power), 1x HDMI 2.1, 1x RJ-45, 1x Headphone/Mic combo, 1x AC power</td>
</tr>
<tr>
<td data-start=""..."" data-end=""..."" data-col-size=""sm"">Color</td>
<td data-start=""..."" data-end=""..."" data-col-size=""sm"">Pike Silver</td>
</tr>
<tr>
<td data-start=""..."" data-end=""..."" data-col-size=""sm"">Warranty</td>
<td data-start=""..."" data-end=""..."" data-col-size=""sm"">1 Year</td>
</tr>
</tbody>
</table>
</div>
</div>

<h3 data-start=""..."" data-end=""..."">Designed for Modern Professionals</h3>
<ul>
	<li><p data-start=""..."" data-end=""..."">The ProBook 450 G10 is built to withstand the rigors of daily business use. Its robust design ensures long-lasting reliability. This makes it a smart investment for any professional.</p></li>
	<li><p data-start=""..."" data-end=""..."">With FreeDOS pre-installed, you have the flexibility to install your preferred operating system. Customize your laptop experience to perfectly match your workflow and software needs.</p></li>
	<li><p data-start=""..."" data-end=""..."">The efficient Intel Core i7 processor and fast SSD storage boost your productivity. Complete tasks quickly and efficiently. Spend less time waiting and more time achieving your goals.</p></li>
</ul>

<h3 data-start=""..."" data-end=""..."">What’s in the Box</h3>
<ul>
	<li><p data-start=""..."" data-end=""..."">HP ProBook 450 G10 Laptop (967U5ET)</p></li>
	<li><p data-start=""..."" data-end=""..."">HP Smart AC Power Adapter</p></li>
</ul>

<h3 data-start=""..."" data-end=""..."">Why Choose the HP ProBook 450 G10</h3>
<ul>
	<li><p data-start=""..."" data-end=""..."">Benefit from powerful Intel Core i7 performance for all your business applications.</p></li>
	<li><p data-start=""..."" data-end=""..."">Enjoy enhanced security features like a fingerprint reader, protecting your valuable data.</p></li>
	<li><p data-start=""..."" data-end=""..."">Experience superior connectivity with Wi-Fi 6E and a comprehensive port selection.</p></li>
	<li><p data-start=""..."" data-end=""..."">Work comfortably in any setting thanks to the backlit keyboard and vibrant FHD display.</p></li>
	<li><p data-start=""..."" data-end=""..."">Invest in a reliable HP laptop backed by a 1-year warranty for peace of mind.</p></li>
</ul>",,,taxable,,0,,0,0,,,,,1,,,,Laptops > HP Laptops,HP | ProBook 450 G10 | Business Laptop | Intel Core i7 | 13th Gen | 8GB RAM | 512GB SSD | FHD Display | 15.6 inch | FreeDOS | Fingerprint Reader | Backlit Keyboard | Wi-Fi 6E,,,,,,,,,,,0,Processor,Intel Core i7 1355U,1,0,RAM,8GB DDR4 3200,1,0,Storage,512GB PCIe NVMe M.2 SSD,1,0,HP ProBook 450 G10 Laptop,"Experience powerful productivity with the HP ProBook 450 G10 laptop. Featuring an Intel Core i7, 8GB RAM, 512GB SSD, and a 15.6"" FHD display. Secure and efficient.",HP ProBook 450 G10 Laptop,HP ProBook 450 G10 Laptop - Product Image,High-quality image of HP ProBook 450 G10 Laptop showing design and features
simple,A22ZZEA,"HP ProBook 460 G11 Laptop (Intel Ultra 5, 8GB RAM, 512GB SSD)",1,0,visible,"<h3 data-start=""..."" data-end=""..."">HP ProBook 460 G11 Laptop</h3>
<table>
<thead>
<tr>
<th></th>
<th></th>
</tr>
</thead>
<tbody>
<tr>
<td>Processor</td>
<td>Intel Core Ultra 5 125U</td>
</tr>
<tr>
<td>RAM</td>
<td>8GB DDR5 5600</td>
</tr>
<tr>
<td>Storage</td>
<td>512GB PCIe NVMe M.2 SSD</td>
</tr>
<tr>
<td>Display</td>
<td>16"" WUXGA</td>
</tr>
<tr>
<td>Operating System</td>
<td>FreeDOS</td>
</tr>
<tr>
<td>Security</td>
<td>Fingerprint Reader</td>
</tr>
<tr>
<td>Connectivity</td>
<td>Wi-Fi 6E, Bluetooth 5.3, USB-C, HDMI 2.1, RJ-45</td>
</tr>
<tr>
<td>Keyboard</td>
<td>Backlit</td>
</tr>
</tbody>
</table>","<h2 data-start=""..."" data-end=""..."">HP ProBook 460 G11 Laptop (Intel Ultra 5, 8GB RAM, 512GB SSD)</h2>
<p data-start=""..."" data-end=""..."">Experience powerful performance with the HP ProBook 460 G11 laptop. This device combines robust processing with ample memory and fast storage. It delivers exceptional productivity for professionals on the go. Enjoy a vivid 16-inch WUXGA display for clear visuals. Advanced security features keep your valuable data safe. This ProBook is engineered to meet modern business demands, offering reliability and efficiency.</p>

<h3 data-start=""..."" data-end=""..."">Key Features</h3>
<ul>
	<li><p data-start=""..."" data-end=""...""><strong>Next-Gen Performance</strong><br />The Intel Core Ultra 5 125U processor powers your most demanding applications. Multitask effortlessly with 8GB of high-speed DDR5 5600 RAM. A rapid 512GB PCIe NVMe M.2 SSD ensures quick boot times and fast data access. This powerful combination provides a smooth, responsive computing experience for all your tasks.</p></li>
	<li><p data-start=""..."" data-end=""...""><strong>Immersive Visuals</strong><br />The expansive 16-inch WUXGA display offers crisp, clear images. Enjoy vibrant colors and sharp details, perfect for both work and entertainment. Its generous screen size enhances productivity by providing more screen real estate. This allows for comfortable viewing of multiple applications simultaneously.</p></li>
	<li><p data-start=""..."" data-end=""...""><strong>Comprehensive Connectivity</strong><br />Stay connected with Intel Wi-Fi 6E AX211 (2x2) and Bluetooth 5.3. These technologies offer ultra-fast wireless speeds and reliable peripheral connections. A wide array of ports includes two versatile USB Type-C 20Gbps ports. These support USB Power Delivery, DisplayPort 1.4, and HP Sleep and Charge. Additionally, two USB Type-A 5Gbps ports provide traditional connectivity. An HDMI 2.1 port allows external display connections. An RJ-45 port ensures stable wired network access.</p></li>
	<li><p data-start=""..."" data-end=""...""><strong>Enhanced Security</strong><br />Protect your valuable data with integrated security features. A precise Fingerprint Reader offers secure, convenient login. The Nano Security Lock Slot provides physical theft deterrence. HP's robust security measures safeguard your device and privacy effectively. Work with confidence knowing your information is protected.</p></li>
	<li><p data-start=""..."" data-end=""...""><strong>Superior Audio & Video</strong><br />Collaborate effectively with the 1080p FHD Camera. Enjoy crystal-clear video calls and online meetings. Audio by Poly Studio ensures premium sound quality for all your communications. Dual stereo speakers with discrete amplifiers deliver rich, immersive audio. Integrated dual array microphones capture your voice clearly, reducing background noise.</p></li>
	<li><p data-start=""..."" data-end=""...""><strong>Thoughtful Design</strong><br />The elegant Pike Silver finish gives a professional, sleek look. Work comfortably in any lighting conditions thanks to the Backlit Keyboard. This design enhances both aesthetics and functionality. The laptop runs on FreeDOS, offering flexibility for your preferred operating system. It comes with a 1-year warranty for complete peace of mind.</p></li>
</ul>

<h3 data-start=""..."" data-end=""..."">Specifications</h3>
<h4><strong data-start=""..."" data-end=""..."">General</strong></h4>
<div class=""TyagGW_tableContainer"">
<div class=""group TyagGW_tableWrapper flex w-fit flex-col-reverse"">
<table class=""w-fit min-w-(--thread-content-width)"" data-start=""..."" data-end=""..."">
<thead>
<tr>
<th data-start=""..."" data-end=""..."" data-col-size=""sm""><strong data-start=""..."" data-end=""..."">Feature</strong></th>
<th data-start=""..."" data-end=""..."" data-col-size=""sm""><strong data-start=""..."" data-end=""..."">Specification</strong></th>
</tr>
</thead>
<tbody>
<tr>
<td data-start=""..."" data-end=""..."" data-col-size=""sm"">Processor</td>
<td data-start=""..."" data-end=""..."" data-col-size=""sm"">Intel Core Ultra 5 125U</td>
</tr>
<tr>
<td data-start=""..."" data-end=""..."" data-col-size=""sm"">RAM</td>
<td data-start=""..."" data-end=""..."" data-col-size=""sm"">8GB DDR5 5600</td>
</tr>
<tr>
<td data-start=""..."" data-end=""..."" data-col-size=""sm"">Storage</td>
<td data-start=""..."" data-end=""..."" data-col-size=""sm"">512GB PCIe NVMe M.2 SSD</td>
</tr>
<tr>
<td data-start=""..."" data-end=""..."" data-col-size=""sm"">Operating System</td>
<td data-start=""..."" data-end=""..."" data-col-size=""sm"">FreeDOS</td>
</tr>
<tr>
<td data-start=""..."" data-end=""..."" data-col-size=""sm"">Display Size</td>
<td data-start=""..."" data-end=""..."" data-col-size=""sm"">16"" WUXGA</td>
</tr>
<tr>
<td data-start=""..."" data-end=""..."" data-col-size=""sm"">Wireless</td>
<td data-start=""..."" data-end=""..."" data-col-size=""sm"">Intel Wi-Fi 6E AX211 (2x2) & Bluetooth 5.3</td>
</tr>
<tr>
<td data-start=""..."" data-end=""..."" data-col-size=""sm"">Camera</td>
<td data-start=""..."" data-end=""..."" data-col-size=""sm"">1080p FHD Camera</td>
</tr>
<tr>
<td data-start=""..."" data-end=""..."" data-col-size=""sm"">Audio</td>
<td data-start=""..."" data-end=""..."" data-col-size=""sm"">Audio by Poly Studio, Dual stereo speakers, Dual array mics</td>
</tr>
<tr>
<td data-start=""..."" data-end=""..."" data-col-size=""sm"">Security</td>
<td data-start=""..."" data-end=""..."" data-col-size=""sm"">Fingerprint Reader, Nano Security Lock Slot</td>
</tr>
<tr>
<td data-start=""..."" data-end=""..."" data-col-size=""sm"">Keyboard</td>
<td data-start=""..."" data-end=""..."" data-col-size=""sm"">Backlit Keyboard</td>
</tr>
<tr>
<td data-start=""..."" data-end=""..."" data-col-size=""sm"">Color</td>
<td data-start=""..."" data-end=""..."" data-col-size=""sm"">Pike Silver</td>
</tr>
<tr>
<td data-start=""..."" data-end=""..."" data-col-size=""sm"">Warranty</td>
<td data-start=""..."" data-end=""..."" data-col-size=""sm"">1 Year</td>
</tr>
<tr>
<td data-start=""..."" data-end=""..."" data-col-size=""sm"">USB Type-C Ports</td>
<td data-start=""..."" data-end=""..."" data-col-size=""sm"">2 (20Gbps, USB Power Delivery, DisplayPort 1.4, HP Sleep and Charge)</td>
</tr>
<tr>
<td data-start=""..."" data-end=""..."" data-col-size=""sm"">USB Type-A Ports</td>
<td data-start=""..."" data-end=""..."" data-col-size=""sm"">2 (5Gbps, 1 charging, 1 power)</td>
</tr>
<tr>
<td data-start=""..."" data-end=""..."" data-col-size=""sm"">HDMI Port</td>
<td data-start=""..."" data-end=""..."" data-col-size=""sm"">1 (HDMI 2.1)</td>
</tr>
<tr>
<td data-start=""..."" data-end=""..."" data-col-size=""sm"">Ethernet Port</td>
<td data-start=""..."" data-end=""..."" data-col-size=""sm"">1 (RJ-45)</td>
</tr>
<tr>
<td data-start=""..."" data-end=""..."" data-col-size=""sm"">Audio Jack</td>
<td data-start=""..."" data-end=""..."" data-col-size=""sm"">1 (stereo headphone/microphone combo)</td>
</tr>
</tbody>
</table>
</div>
</div>

<h3 data-start=""..."" data-end=""..."">Connectivity & Multimedia</h3>
<ul>
	<li><p data-start=""..."" data-end=""..."">The HP ProBook 460 G11 offers extensive connectivity options. It includes two USB Type-C ports with 20Gbps signaling rates. These versatile ports support USB Power Delivery, DisplayPort 1.4, and HP Sleep and Charge for convenience.</p></li>
	<li><p data-start=""..."" data-end=""..."">You also get two USB Type-A 5Gbps ports. One port offers charging capabilities, while the other provides power. An HDMI 2.1 port connects to external monitors or projectors easily. The RJ-45 port ensures reliable wired network access when needed.</p></li>
	<li><p data-start=""..."" data-end=""..."">A stereo headphone/microphone combo jack is also present for audio needs. Wireless connectivity is robust, featuring Intel Wi-Fi 6E AX211 (2x2) for fast internet speeds. Bluetooth 5.3 enables seamless pairing with all your favorite accessories.</p></li>
</ul>

<h3 data-start=""..."" data-end=""..."">What’s in the Box</h3>
<ul>
	<li><p data-start=""..."" data-end=""..."">HP ProBook 460 G11 Laptop</p></li>
	<li><p data-start=""..."" data-end=""..."">HP Power Adapter</p></li>
	<li><p data-start=""..."" data-end=""..."">Documentation and Setup Guide</p></li>
</ul>

<h3 data-start=""..."" data-end=""..."">Why Choose HP ProBook 460 G11</h3>
<ul>
	<li><p data-start=""..."" data-end=""..."">Experience leading-edge performance with an Intel Core Ultra 5 processor and rapid DDR5 RAM, ensuring smooth operation.</p></li>
	<li><p data-start=""..."" data-end=""..."">Benefit from enhanced security features, including a fingerprint reader, effectively protecting your sensitive data.</p></li>
	<li><p data-start=""..."" data-end=""..."">Enjoy a vibrant 16-inch WUXGA display for improved productivity and exceptional visual clarity in all your tasks.</p></li>
	<li><p data-start=""..."" data-end=""..."">Stay connected and productive with versatile ports and advanced Wi-Fi 6E technology for reliable wireless access.</p></li>
	<li><p data-start=""..."" data-end=""..."">Work comfortably in any environment thanks to the backlit keyboard and premium audio by Poly Studio.</p></li>
</ul>",,,taxable,,0,,0,0,,,,,1,,,,Computing > Laptops > HP Laptops,HP | ProBook 460 G11 | A22ZZEA | Intel Core Ultra 5 | 125U | 8GB DDR5 RAM | 512GB SSD | PCIe NVMe M.2 | 16 inch Laptop | WUXGA Display | FreeDOS Laptop | Backlit Keyboard | Fingerprint Reader | Wi-Fi 6E | Bluetooth 5.3 | FHD Camera | Business Laptop | Productivity Laptop,,,,,,,,,,,0,Processor,Intel Core Ultra 5 125U,1,0,RAM,8GB DDR5 5600,1,0,Storage,512GB PCIe NVMe M.2 SSD,1,0,HP ProBook 460 G11,"Boost productivity with the HP ProBook 460 G11. Features Intel Ultra 5, 8GB DDR5 RAM, 512GB SSD, 16"" WUXGA display, and advanced security. Ideal for business professionals.","HP ProBook 460 G11 Laptop (Intel Ultra 5, 8GB RAM, 512GB SSD)","HP ProBook 460 G11 Laptop (Intel Ultra 5, 8GB RAM, 512GB SSD) - Product Image","High-quality image of HP ProBook 460 G11 Laptop (Intel Ultra 5, 8GB RAM, 512GB SSD) showing design and features"
simple,A23C9EA,HP ProBook 460 G11 Laptop,1,0,visible,"<h3 data-start=""..."" data-end=""..."">HP ProBook 460 G11 Laptop</h3>
<table>
<thead>
<tr>
<th></th>
<th></th>
</tr>
</thead>
<tbody>
<tr>
<td>Processor</td>
<td>Intel Core Ultra 7 155U</td>
</tr>
<tr>
<td>RAM</td>
<td>16GB DDR5 5600</td>
</tr>
<tr>
<td>Storage</td>
<td>512GB PCIe NVMe M.2 SSD</td>
</tr>
<tr>
<td>Display</td>
<td>16"" WUXGA</td>
</tr>
<tr>
<td>Operating System</td>
<td>FreeDOS</td>
</tr>
<tr>
<td>Wireless</td>
<td>Wi-Fi 6E, Bluetooth 5.3</td>
</tr>
<tr>
<td>Security</td>
<td>Fingerprint Reader</td>
</tr>
<tr>
<td>Keyboard</td>
<td>Backlit</td>
</tr>
<tr>
<td>Warranty</td>
<td>1 Year Seller</td>
</tr>
</tbody>
</table>","<h2 data-start=""..."" data-end=""..."">HP ProBook 460 G11 Laptop</h2>
<p data-start=""..."" data-end=""..."">Introducing the HP ProBook 460 G11, a powerful and reliable laptop designed for modern professionals. This exceptional device boasts an Intel Core Ultra 7 155U processor, ensuring rapid performance for all your tasks. It seamlessly handles demanding applications and supports efficient multitasking. The sleek Pike Silver finish adds a touch of professional elegance. Experience enhanced productivity and unwavering reliability with this robust HP machine.</p>

<h3 data-start=""..."" data-end=""..."">Key Features</h3>
<ul>
	<li><p data-start=""..."" data-end=""...""><strong>Next-Generation Performance</strong><br />The HP ProBook 460 G11 features an Intel Core Ultra 7 155U processor. This powerful CPU delivers exceptional speed and responsiveness. You can confidently tackle complex projects and demanding software. Enjoy smooth operation whether you are working, creating, or collaborating.</p></li>
	<li><p data-start=""..."" data-end=""...""><strong>Superior Memory and Storage</strong><br />Equipped with 16GB of DDR5 5600 RAM, this laptop ensures incredibly smooth multitasking. Switch between applications without any lag. A lightning-fast 512GB PCIe NVMe M.2 SSD provides ample storage space. It also guarantees quick boot times and rapid data access. Your files are secure and always within reach.</p></li>
	<li><p data-start=""..."" data-end=""...""><strong>Vibrant WUXGA Display</strong><br />Immerse yourself in stunning visuals on the 16-inch WUXGA display. This screen offers crisp details and vibrant colors. It is perfect for presentations, media consumption, and everyday work. Experience clarity and comfort during extended viewing sessions.</p></li>
	<li><p data-start=""..."" data-end=""...""><strong>Advanced Wireless Connectivity</strong><br />Stay connected with the integrated Intel Wi-Fi 6E AX211 (2x2) wireless card. Enjoy faster speeds and a more stable connection, even in busy networks. Bluetooth 5.3 technology allows seamless pairing with all your wireless peripherals. Connect mice, keyboards, and headphones effortlessly.</p></li>
	<li><p data-start=""..."" data-end=""...""><strong>Enhanced Security Features</strong><br />Protect your valuable data with the integrated Fingerprint Reader. This provides secure, convenient access to your laptop. The Nano Security Lock Slot offers an additional layer of physical security. Keep your device safe in any environment. Your privacy and data remain protected.</p></li>
	<li><p data-start=""..."" data-end=""...""><strong>Premium Audio and Camera</strong><br />Participate in crystal-clear video conferences with the 1080p FHD Camera. Audio by Poly Studio ensures exceptional sound quality. Dual stereo speakers with discrete amplifiers deliver rich audio. Integrated dual array microphones capture your voice clearly. Communication is always precise and professional.</p></li>
	<li><p data-start=""..."" data-end=""...""><strong>User-Centric Design</strong><br />The backlit keyboard provides comfortable typing in various lighting conditions. Its responsive keys enhance your typing experience. The elegant Pike Silver finish gives the laptop a sophisticated look. FreeDOS offers the flexibility to install your preferred operating system.</p></li>
</ul>

<h3 data-start=""..."" data-end=""..."">Specifications</h3>
<h4><strong data-start=""..."" data-end=""..."">General</strong></h4>
<div class=""TyagGW_tableContainer"">
<div class=""group TyagGW_tableWrapper flex w-fit flex-col-reverse"">
<table class=""w-fit min-w-(--thread-content-width)"" data-start=""..."" data-end=""..."">
<thead>
<tr>
<th data-start=""..."" data-end=""..."" data-col-size=""sm""><strong data-start=""..."" data-end=""..."">Feature</strong></th>
<th data-start=""..."" data-end=""..."" data-col-size=""sm""><strong data-start=""..."" data-end=""..."">Specification</strong></th>
</tr>
</thead>
<tbody>
<tr>
<td data-start=""..."" data-end=""..."" data-col-size=""sm"">Processor</td>
<td data-start=""..."" data-end=""..."" data-col-size=""sm"">Intel Core Ultra 7 155U</td>
</tr>
<tr>
<td data-start=""..."" data-end=""..."" data-col-size=""sm"">RAM</td>
<td data-start=""..."" data-end=""..."" data-col-size=""sm"">16GB DDR5 5600</td>
</tr>
<tr>
<td data-start=""..."" data-end=""..."" data-col-size=""sm"">Storage</td>
<td data-start=""..."" data-end=""..."" data-col-size=""sm"">512GB PCIe NVMe M.2 SSD</td>
</tr>
<tr>
<td data-start=""..."" data-end=""..."" data-col-size=""sm"">Operating System</td>
<td data-start=""..."" data-end=""..."" data-col-size=""sm"">FreeDOS</td>
</tr>
<tr>
<td data-start=""..."" data-end=""..."" data-col-size=""sm"">Display</td>
<td data-start=""..."" data-end=""..."" data-col-size=""sm"">16"" WUXGA</td>
</tr>
<tr>
<td data-start=""..."" data-end=""..."" data-col-size=""sm"">Wireless</td>
<td data-start=""..."" data-end=""..."" data-col-size=""sm"">Intel Wi-Fi 6E AX211 (2x2)</td>
</tr>
<tr>
<td data-start=""..."" data-end=""..."" data-col-size=""sm"">Bluetooth</td>
<td data-start=""..."" data-end=""..."" data-col-size=""sm"">5.3</td>
</tr>
<tr>
<td data-start=""..."" data-end=""..."" data-col-size=""sm"">Camera</td>
<td data-start=""..."" data-end=""..."" data-col-size=""sm"">1080p FHD Camera</td>
</tr>
<tr>
<td data-start=""..."" data-end=""..."" data-col-size=""sm"">Audio</td>
<td data-start=""..."" data-end=""..."" data-col-size=""sm"">Poly Studio, Dual Stereo Speakers</td>
</tr>
<tr>
<td data-start=""..."" data-end=""..."" data-col-size=""sm"">Security</td>
<td data-start=""..."" data-end=""..."" data-col-size=""sm"">Fingerprint Reader, Nano Security Lock Slot</td>
</tr>
<tr>
<td data-start=""..."" data-end=""..."" data-col-size=""sm"">Keyboard</td>
<td data-start=""..."" data-end=""..."" data-col-size=""sm"">Backlit Keyboard</td>
</tr>
<tr>
<td data-start=""..."" data-end=""..."" data-col-size=""sm"">Color</td>
<td data-start=""..."" data-end=""..."" data-col-size=""sm"">Pike Silver</td>
</tr>
<tr>
<td data-start=""..."" data-end=""..."" data-col-size=""sm"">Warranty</td>
<td data-start=""..."" data-end=""..."" data-col-size=""sm"">1 Year Seller Warranty</td>
</tr>
</tbody>
</table>
</div>
</div>

<h3 data-start=""..."" data-end=""..."">Comprehensive Connectivity</h3>
<ul>
	<li><p data-start=""..."" data-end=""...""><strong>Versatile USB-C Ports</strong><br />Two USB Type-C ports offer 20Gbps signaling rates. They support USB Power Delivery for charging and DisplayPort 1.4 for external displays. Additionally, HP Sleep and Charge functionality keeps your devices powered up. This ensures maximum flexibility for all your peripherals.</p></li>
	<li><p data-start=""..."" data-end=""...""><strong>Multiple USB-A and Video Outputs</strong><br />Two USB Type-A ports provide 5Gbps signaling rates. One port supports charging, and another offers continuous power. An HDMI 2.1 port allows easy connection to external monitors or projectors. These options enhance your multimedia and presentation capabilities.</p></li>
	<li><p data-start=""..."" data-end=""...""><strong>Essential Networking and Audio</strong><br />A stereo headphone/microphone combo jack provides convenient audio solutions. The RJ-45 Ethernet port ensures stable wired network access. Connect to the internet reliably for critical business operations. These ports cover all your essential connectivity needs.</p></li>
</ul>

<h3 data-start=""..."" data-end=""..."">What’s in the Box</h3>
<ul>
	<li><p data-start=""..."" data-end=""..."">HP ProBook 460 G11 Laptop (A23C9EA)</p></li>
	<li><p data-start=""..."" data-end=""..."">AC Power Adapter</p></li>
	<li><p data-start=""..."" data-end=""..."">Documentation and User Manuals</p></li>
</ul>

<h3 data-start=""..."" data-end=""..."">Why Choose HP ProBook 460 G11</h3>
<ul>
	<li><p data-start=""..."" data-end=""..."">Experience top-tier performance with the Intel Core Ultra 7 processor.</p></li>
	<li><p data-start=""..."" data-end=""..."">Benefit from robust security features like a fingerprint reader.</p></li>
	<li><p data-start=""..."" data-end=""..."">Enjoy a sleek design combined with a comfortable, backlit keyboard.</p></li>
	<li><p data-start=""..."" data-end=""..."">Leverage flexible operating system options with FreeDOS pre-installed.</p></li>
	<li><p data-start=""..."" data-end=""..."">Gain peace of mind with a comprehensive 1-year seller warranty.</p></li>
</ul>",,,taxable,,1,,0,0,,,,,1,,,96000,Laptops > HP Laptops,HP | ProBook | Laptop | Intel Core Ultra 7 | 16GB DDR5 | 512GB SSD | 16 inch | WUXGA | FreeDOS | Wi-Fi 6E | Bluetooth 5.3 | FHD Camera | Fingerprint Reader | Backlit Keyboard | Pike Silver,,,,,,,,,,,0,Processor,Intel Core Ultra 7 155U,1,0,RAM,16GB DDR5 5600,1,0,Storage,512GB PCIe NVMe M.2 SSD,1,0,HP ProBook 460 G11,"Power your productivity with the HP ProBook 460 G11 laptop. Featuring Intel Core Ultra 7, 16GB DDR5 RAM, 512GB SSD, and a 16"" WUXGA display. Priced at 96000.0.",HP ProBook 460 G11 Laptop,HP ProBook 460 G11 Laptop - Product Image,High-quality image of HP ProBook 460 G11 Laptop showing design and features
simple,UJ382E,HP 3 Year Return to Depot Notebook Hardware Support - UJ382E,1,0,visible,"<h3 data-start=""..."" data-end=""..."">HP 3 Year Return to Depot Notebook Hardware Support - UJ382E</h3>
<table>
<thead>
<tr>
<th></th>
<th></th>
</tr>
</thead>
<tbody>
<tr>
<td>Service Type</td>
<td>Hardware Support</td>
</tr>
<tr>
<td>Service Model</td>
<td>Return to Depot</td>
</tr>
<tr>
<td>Coverage Duration</td>
<td>3 Years</td>
</tr>
<tr>
<td>Supported Devices</td>
<td>HP Notebooks</td>
</tr>
<tr>
<td>Peace of Mind</td>
<td>Extended Protection</td>
</tr>
</tbody>
</table>","<h2 data-start=""..."" data-end=""..."">HP 3 Year Return to Depot Notebook Hardware Support - UJ382E</h2>
<p data-start=""..."" data-end=""..."">Protect your valuable HP notebook with the UJ382E 3-Year Return to Depot Hardware Support. This essential service ensures your device remains operational for an extended period. It provides unparalleled peace of mind, knowing expert assistance is readily available whenever hardware issues arise. Experience reliable and efficient support, allowing you to focus on your work and productivity without concerns about potential hardware malfunctions. This plan extends your coverage beyond the standard warranty, offering comprehensive protection.</p>

<h3 data-start=""..."" data-end=""..."">Key Features</h3>
<ul>
	<li><p data-start=""..."" data-end=""...""><strong>Extended Coverage</strong><br />Gain comprehensive hardware support for three full years. This significantly extends beyond the standard manufacturer's warranty. It offers prolonged, robust protection for your valuable investment. Enjoy a longer period of worry-free operation.</p></li>
	<li><p data-start=""..."" data-end=""...""><strong>Convenient Return to Depot Service</strong><br />Benefit from a streamlined service process with the return to depot model. Simply ship your faulty HP notebook to an authorized service center. Highly skilled and certified technicians will then perform all necessary repairs. Your device will return to you, fully functional and restored to optimal performance.</p></li>
	<li><p data-start=""..."" data-end=""...""><strong>Expert Technical Assistance</strong><br />Access certified HP technicians with specialized expertise. They quickly diagnose and efficiently resolve a wide range of hardware malfunctions. Benefit from their in-depth knowledge and the exclusive use of genuine HP parts. This guarantees high-quality repairs and maintains your notebook's optimal performance.</p></li>
	<li><p data-start=""..."" data-end=""...""><strong>Enhanced Peace of Mind</strong><br />Minimize unexpected repair costs and significant downtime. This comprehensive support plan actively safeguards your productivity and workflow. It allows you to concentrate fully on your tasks without any interruption. Rest easy, knowing your HP notebook is thoroughly covered by professional support.</p></li>
	<li><p data-start=""..."" data-end=""...""><strong>Genuine HP Parts Utilized</strong><br />All repairs conducted under this service plan utilize only authentic HP components. This critical practice maintains the original integrity and peak performance of your notebook. It also ensures perfect compatibility and effectively extends the operational life of your device, protecting your investment.</p></li>
</ul>

<h3 data-start=""..."" data-end=""..."">Specifications</h3>
<h4><strong data-start=""..."" data-end=""..."">General</strong></h4>
<div class=""TyagGW_tableContainer"">
<div class=""group TyagGW_tableWrapper flex w-fit flex-col-reverse"">
<table class=""w-fit min-w-(--thread-content-width)"" data-start=""..."" data-end=""..."">
<thead>
<tr>
<th data-start=""..."" data-end=""..."" data-col-size=""sm""><strong data-start=""..."" data-end=""..."">Feature</strong></th>
<th data-start=""..."" data-end=""..."" data-col-size=""sm""><strong data-start=""..."" data-end=""..."">Specification</strong></th>
</tr>
</thead>
<tbody>
<tr>
<td data-start=""..."" data-end=""..."" data-col-size=""sm"">Service Type</td>
<td data-start=""..."" data-end=""..."" data-col-size=""sm"">Hardware Support</td>
</tr>
<tr>
<td data-start=""..."" data-end=""..."" data-col-size=""sm"">Service Model</td>
<td data-start=""..."" data-end=""..."" data-col-size=""sm"">Return to Depot</td>
</tr>
<tr>
<td data-start=""..."" data-end=""..."" data-col-size=""sm"">Coverage Duration</td>
<td data-start=""..."" data-end=""..."" data-col-size=""sm"">3 Years</td>
</tr>
<tr>
<td data-start=""..."" data-end=""..."" data-col-size=""sm"">Supported Products</td>
<td data-start=""..."" data-end=""..."" data-col-size=""sm"">HP Notebooks</td>
</tr>
<tr>
<td data-start=""..."" data-end=""..."" data-col-size=""sm"">Part Number / Model</td>
<td data-start=""..."" data-end=""..."" data-col-size=""sm"">UJ382E</td>
</tr>
</tbody>
</table>
</div>
</div>

<h3 data-start=""..."" data-end=""..."">What’s in the Box</h3>
<ul>
	<li><p data-start=""..."" data-end=""..."">Service activation instructions</p></li>
	<li><p data-start=""..."" data-end=""..."">Warranty documentation</p></li>
</ul>

<h3 data-start=""..."" data-end=""..."">Why Choose HP 3 Year Return to Depot Notebook Hardware Support</h3>
<ul>
	<li><p data-start=""..."" data-end=""...""><strong>Maximized Uptime:</strong> Keep your HP notebook running smoothly and efficiently. Reduce disruptions caused by unforeseen hardware failures. This ensures continuous productivity for your business or personal use.</p></li>
	<li><p data-start=""..."" data-end=""...""><strong>Cost-Effective Protection:</strong> Avoid potentially costly out-of-warranty repairs. This comprehensive plan provides a fixed, predictable cost for your hardware support. It offers significant financial savings over the long term.</p></li>
	<li><p data-start=""..."" data-end=""...""><strong>Hassle-Free Repairs:</strong> Simplify the entire repair process. The return to depot service handles all logistics and coordination. You receive professional, timely repairs without any added stress or complications.</p></li>
	<li><p data-start=""..."" data-end=""...""><strong>Investment Protection:</strong> Safeguard your valuable technology investment effectively. Extend the operational life and overall reliability of your HP notebook. Ensure it performs optimally and consistently for a much longer duration.</p></li>
</ul>",,,taxable,,0,,0,0,,,,,1,,,,Accessories > Computing Accessories,HP | Notebook Support | Laptop Warranty | 3 Year Support | Return to Depot | Hardware Protection | UJ382E | Extended Warranty | Computing Accessory | HP Service,,,,,,,,,,,0,Service Type,Return to Depot Hardware Support,1,0,Duration,3 Years,1,0,Supported Device Type,Notebook,1,0,HP Notebook Hardware Support,"Protect your HP notebook with 3 years of Return to Depot Hardware Support (UJ382E). Get expert repairs, genuine parts, and peace of mind. Ensure uptime for your device.",HP 3 Year Return to Depot Notebook Hardware Support - UJ382E,HP 3 Year Return to Depot Notebook Hardware Support - UJ382E - Product Image,High-quality image of HP 3 Year Return to Depot Notebook Hardware Support - UJ382E showing design and features
simple,818C3EA,"HP EliteBook 640 G10 Laptop (Intel i5-1335U, 8GB RAM, 512GB SSD, FreeDOS)",1,0,visible,"<h3 data-start=""..."" data-end=""..."">HP EliteBook 640 G10 Laptop Highlights</h3>
<table>
<thead>
<tr>
<th></th>
<th></th>
</tr>
</thead>
<tbody>
<tr>
<td>Processor</td>
<td>Intel Core i5-1335U</td>
</tr>
<tr>
<td>RAM</td>
<td>8GB DDR4 3200</td>
</tr>
<tr>
<td>Storage</td>
<td>512GB PCIe NVMe M.2 SSD</td>
</tr>
<tr>
<td>Display</td>
<td>14"" Full HD</td>
</tr>
<tr>
<td>Operating System</td>
<td>FreeDOS</td>
</tr>
<tr>
<td>Security</td>
<td>Fingerprint Reader</td>
</tr>
<tr>
<td>Connectivity</td>
<td>Wi-Fi 6E, Bluetooth 5.3, Thunderbolt 4</td>
</tr>
</tbody>
</table>","<h2 data-start=""..."" data-end=""..."">HP EliteBook 640 G10 Laptop (Intel i5-1335U, 8GB RAM, 512GB SSD, FreeDOS)</h2>
<p data-start=""..."" data-end=""..."">Elevate your professional experience with the HP EliteBook 640 G10 laptop. This powerful device combines robust performance with essential security features. It is perfect for modern professionals requiring reliability and speed. The EliteBook 640 G10 handles demanding tasks with ease. Its sleek Pike Silver design adds a touch of sophistication to your workspace.</p>

<h3 data-start=""..."" data-end=""..."">Unleash Peak Performance</h3>
<ul>
	<li><p data-start=""..."" data-end=""...""><strong>Cutting-Edge Processor</strong><br />Experience seamless multitasking and efficient workflow with the Intel Core i5-1335U processor. This 13th generation CPU delivers exceptional speed and responsiveness. It powers through complex applications and everyday tasks effortlessly. Boost your productivity with this advanced processing power.</p></li>
	<li><p data-start=""..."" data-end=""...""><strong>Fast Memory &amp; Storage</strong><br />The 8GB DDR4 3200 RAM ensures smooth operation across multiple programs. You can switch between applications without lag. A spacious 512GB PCIe NVMe M.2 SSD provides lightning-fast boot times and rapid data access. Store all your critical documents and media securely.</p></li>
	<li><p data-start=""..."" data-end=""...""><strong>FreeDOS Operating System</strong><br />This laptop comes pre-installed with FreeDOS. It offers a flexible base for custom operating system installations. Users can install their preferred Windows or Linux distribution. This provides maximum control over their computing environment.</p></li>
</ul>

<h3 data-start=""..."" data-end=""..."">Designed for Productivity &amp; Collaboration</h3>
<ul>
	<li><p data-start=""..."" data-end=""...""><strong>Vibrant Full HD Display</strong><br />Enjoy crisp, clear visuals on the 14-inch Full HD screen. This display is ideal for detailed work and engaging presentations. Its compact size ensures portability without sacrificing screen real estate. Immerse yourself in vibrant colors and sharp text.</p></li>
	<li><p data-start=""..."" data-end=""...""><strong>Enhanced Connectivity Options</strong><br />Stay connected with a comprehensive array of ports. It features one Thunderbolt 4 with USB Type-C for ultrafast data transfer and display support. Additionally, it includes another USB Type-C, two USB Type-A ports, HDMI 2.1, and an RJ-45 Ethernet port. Wireless connectivity is robust with Intel Wi-Fi 6E AX211 and Bluetooth 5.3.</p></li>
	<li><p data-start=""..."" data-end=""...""><strong>Secure &amp; Intuitive Features</strong><br />Protect your data with the integrated Fingerprint Reader. This offers quick and secure login access. The 720p HD Camera, dual stereo speakers, and dual array microphones facilitate clear video calls. A backlit keyboard enhances productivity in low-light conditions.</p></li>
</ul>

<h3 data-start=""..."" data-end=""..."">Specifications</h3>
<h4><strong data-start=""..."" data-end=""..."">General</strong></h4>
<div class=""TyagGW_tableContainer"">
<div class=""group TyagGW_tableWrapper flex w-fit flex-col-reverse"">
<table class=""w-fit min-w-(--thread-content-width)"" data-start=""..."" data-end=""..."">
<thead>
<tr>
<th data-start=""..."" data-end=""..."" data-col-size=""sm""><strong data-start=""..."" data-end=""..."">Feature</strong></th>
<th data-start=""..."" data-end=""..."" data-col-size=""sm""><strong data-start=""..."" data-end=""..."">Specification</strong></th>
</tr>
</thead>
<tbody>
<tr>
<td data-start=""..."" data-end=""..."" data-col-size=""sm"">Model No</td>
<td data-start=""..."" data-end=""..."" data-col-size=""sm"">818C3EA</td>
</tr>
<tr>
<td data-start=""..."" data-end=""..."" data-col-size=""sm"">Processor</td>
<td data-start=""..."" data-end=""..."" data-col-size=""sm"">Intel Core i5-1335U</td>
</tr>
<tr>
<td data-start=""..."" data-end=""..."" data-col-size=""sm"">RAM</td>
<td data-start=""..."" data-end=""..."" data-col-size=""sm"">8GB DDR4 3200</td>
</tr>
<tr>
<td data-start=""..."" data-end=""..."" data-col-size=""sm"">Storage</td>
<td data-start=""..."" data-end=""..."" data-col-size=""sm"">512GB PCIe NVMe M.2 SSD</td>
</tr>
<tr>
<td data-start=""..."" data-end=""..."" data-col-size=""sm"">Operating System</td>
<td data-start=""..."" data-end=""..."" data-col-size=""sm"">FreeDOS</td>
</tr>
<tr>
<td data-start=""..."" data-end=""..."" data-col-size=""sm"">Display Size</td>
<td data-start=""..."" data-end=""..."" data-col-size=""sm"">14"" Full HD</td>
</tr>
<tr>
<td data-start=""..."" data-end=""..."" data-col-size=""sm"">Wireless</td>
<td data-start=""..."" data-end=""..."" data-col-size=""sm"">Wi-Fi 6E AX211 (2x2) &amp; Bluetooth 5.3</td>
</tr>
<tr>
<td data-start=""..."" data-end=""..."" data-col-size=""sm"">Camera</td>
<td data-start=""..."" data-end=""..."" data-col-size=""sm"">720p HD Camera</td>
</tr>
<tr>
<td data-start=""..."" data-end=""..."" data-col-size=""sm"">Keyboard</td>
<td data-start=""..."" data-end=""..."" data-col-size=""sm"">Backlit Keyboard</td>
</tr>
<tr>
<td data-start=""..."" data-end=""..."" data-col-size=""sm"">Security</td>
<td data-start=""..."" data-end=""..."" data-col-size=""sm"">Fingerprint Reader, Nano Security Lock Slot</td>
</tr>
<tr>
<td data-start=""..."" data-end=""..."" data-col-size=""sm"">Color</td>
<td data-start=""..."" data-end=""..."" data-col-size=""sm"">Pike Silver</td>
</tr>
<tr>
<td data-start=""..."" data-end=""..."" data-col-size=""sm"">Warranty</td>
<td data-start=""..."" data-end=""..."" data-col-size=""sm"">1 Year Seller Warranty</td>
</tr>
</tbody>
</table>
</div>
</div>

<h3 data-start=""..."" data-end=""..."">Versatile Port Selection</h3>
<ul>
	<li><p data-start=""..."" data-end=""...""><strong>Thunderbolt 4 &amp; USB-C</strong><br />One Thunderbolt 4 port offers 40Gbps signaling rate. It also supports USB Power Delivery and DisplayPort 1.4. An additional USB Type-C port provides a 10Gbps signaling rate with Power Delivery and DisplayPort 1.4 capabilities. These ports ensure rapid data transfer and flexible display options.</p></li>
	<li><p data-start=""..."" data-end=""...""><strong>Essential Peripherals Support</strong><br />Connect your essential accessories easily. Two USB Type-A 5Gbps signaling rate ports are available, with one supporting power delivery. An AC power port keeps your device charged. The HDMI 2.1 port allows external monitor connections. A stereo headphone/microphone combo jack handles audio needs. The RJ-45 port offers reliable wired network access. Finally, a Nano Security Lock Slot provides physical security for your device.</p></li>
</ul>

<h3 data-start=""..."" data-end=""..."">What’s in the Box</h3>
<ul>
	<li><p data-start=""..."" data-end=""..."">HP EliteBook 640 G10 Laptop (818C3EA)</p></li>
	<li><p data-start=""..."" data-end=""..."">AC Power Adapter</p></li>
	<li><p data-start=""..."" data-end=""..."">Documentation</p></li>
</ul>

<h3 data-start=""..."" data-end=""..."">Why Choose the HP EliteBook 640 G10</h3>
<ul>
	<li><p data-start=""..."" data-end=""...""><strong>Reliable Business Performance</strong><br />This laptop offers a perfect blend of power and portability. It ensures you stay productive wherever your work takes you. The robust Intel i5 processor and fast SSD deliver consistent, high-speed performance.</p></li>
	<li><p data-start=""..."" data-end=""...""><strong>Advanced Security Features</strong><br />Protect your sensitive data with integrated security. The fingerprint reader provides a secure login experience. HP's commitment to security gives you peace of mind. Your information remains safe and private.</p></li>
	<li><p data-start=""..."" data-end=""...""><strong>Comprehensive Connectivity</strong><br />Connect all your devices and peripherals effortlessly. A wide range of ports supports modern and legacy connections. High-speed Wi-Fi 6E ensures reliable wireless networking. Collaborate effectively with colleagues and clients.</p></li>
</ul>",,,taxable,,1,,0,0,,,,,1,,,77000,Computing > Laptops > HP Laptops,HP | EliteBook 640 G10 | Intel Core i5 | i5-1335U | 13th Gen | 8GB DDR4 RAM | 512GB SSD | NVMe SSD | 14 inch Laptop | FHD Display | FreeDOS | Business Laptop | Backlit Keyboard | Fingerprint Reader | Wi-Fi 6E | Bluetooth 5.3 | Thunderbolt 4 | Pike Silver,,,,,,,,,,,0,Processor,Intel Core i5 1335U,1,0,RAM,8GB DDR4 3200,1,0,Storage,512GB PCIe NVMe M.2 SSD,1,0,HP EliteBook 640 G10 Laptop,"Boost productivity with the HP EliteBook 640 G10. Featuring an Intel i5-1335U, 8GB RAM, 512GB SSD, 14"" FHD display, and FreeDOS. Secure and powerful.","HP EliteBook 640 G10 Laptop (Intel i5-1335U, 8GB RAM, 512GB SSD, FreeDOS)","HP EliteBook 640 G10 Laptop (Intel i5-1335U, 8GB RAM, 512GB SSD, FreeDOS) - Product Image","High-quality image of HP EliteBook 640 G10 Laptop (Intel i5-1335U, 8GB RAM, 512GB SSD, FreeDOS) showing design and features"
simple,8A602EA,"HP EliteBook 640 G10 Laptop (Core i7-1355U, 16GB RAM, 1TB SSD, 14"" FHD)",1,0,visible,"<h3 data-start=""..."" data-end=""..."">HP EliteBook 640 G10 Laptop</h3>
<table>
<thead>
<tr>
<th></th>
<th></th>
</tr>
</thead>
<tbody>
<tr>
<td>Processor</td>
<td>Intel Core i7 1355U</td>
</tr>
<tr>
<td>RAM</td>
<td>16GB DDR4 3200</td>
</tr>
<tr>
<td>Storage</td>
<td>1TB PCIe NVMe TLC M.2 SSD</td>
</tr>
<tr>
<td>Display</td>
<td>14"" FHD</td>
</tr>
<tr>
<td>Operating System</td>
<td>FreeDOS</td>
</tr>
<tr>
<td>Connectivity</td>
<td>Wi-Fi 6E, Bluetooth 5.3, Thunderbolt 4, HDMI 2.1, RJ-45</td>
</tr>
<tr>
<td>Security</td>
<td>Fingerprint Reader, Nano Security Lock Slot</td>
</tr>
<tr>
<td>Keyboard</td>
<td>Backlit Keyboard</td>
</tr>
<tr>
<td>Warranty</td>
<td>1 Year Seller Warranty</td>
</tr>
</tbody>
</table>","<h2 data-start=""..."" data-end=""..."">HP EliteBook 640 G10 Laptop (Core i7-1355U, 16GB RAM, 1TB SSD, 14"" FHD)</h2>
<p data-start=""..."" data-end=""..."">Experience premium performance with the HP EliteBook 640 G10 laptop. This powerful device is engineered for business professionals. It combines robust security features with exceptional speed. The EliteBook 640 G10 ensures smooth multitasking and efficient workflows. Its sleek design and advanced connectivity options make it an ideal choice. Elevate your productivity today with this reliable HP laptop.</p>

<h3 data-start=""..."" data-end=""..."">Key Features</h3>
<ul>
	<li><p data-start=""..."" data-end=""...""><strong>Powerful Intel Core i7 Processor</strong><br />This laptop features the cutting-edge Intel Core i7 1355U processor. Enjoy lightning-fast performance for demanding applications. It handles intensive tasks with remarkable ease. Experience seamless computing for all your professional needs.</p></li>
	<li><p data-start=""..."" data-end=""...""><strong>Ample Memory and Storage</strong><br />Equipped with 16GB of DDR4 3200 RAM, this EliteBook offers superior multitasking capabilities. Switch between applications effortlessly. A massive 1TB PCIe NVMe TLC M.2 SSD provides incredibly fast storage. Boot up quickly and access files in an instant. This combination ensures a responsive user experience.</p></li>
	<li><p data-start=""..."" data-end=""...""><strong>Vibrant 14-inch Full HD Display</strong><br />The 14-inch Full HD display delivers crisp, clear visuals. Enjoy vibrant colors and sharp details for all your work. Whether you are creating presentations or reviewing documents, the display enhances your viewing experience. It provides excellent clarity for everyday tasks.</p></li>
	<li><p data-start=""..."" data-end=""...""><strong>Advanced Connectivity Options</strong><br />Stay connected with Intel Wi-Fi 6E AX211 (2x2) and Bluetooth 5.3. Enjoy gigabit data rates for fast, reliable wireless connections. It also includes versatile ports. These include one Thunderbolt 4 with USB Type-C, one additional USB Type-C, and two USB Type-A ports. An HDMI 2.1 port is perfect for external displays. An RJ-45 port offers stable wired networking. This laptop covers all your connection needs.</p></li>
	<li><p data-start=""..."" data-end=""...""><strong>Enhanced Security and Convenience</strong><br />Your data remains secure with integrated features. A Fingerprint Reader offers quick and secure login. The Nano Security Lock Slot provides physical protection. The backlit keyboard allows comfortable typing in any lighting condition. A 720p HD Camera is perfect for video conferencing. Dual stereo speakers and dual array microphones ensure clear communication.</p></li>
</ul>

<h3 data-start=""..."" data-end=""..."">Specifications</h3>
<h4><strong data-start=""..."" data-end=""..."">General</strong></h4>
<div class=""TyagGW_tableContainer"">
<div class=""group TyagGW_tableWrapper flex w-fit flex-col-reverse"">
<table class=""w-fit min-w-(--thread-content-width)"" data-start=""..."" data-end=""..."">
<thead>
<tr>
<th data-start=""..."" data-end=""..."" data-col-size=""sm""><strong data-start=""..."" data-end=""..."">Feature</strong></th>
<th data-start=""..."" data-end=""..."" data-col-size=""sm""><strong data-start=""..."" data-end=""..."">Specification</strong></th>
</tr>
</thead>
<tbody>
<tr>
<td data-start=""..."" data-end=""..."" data-col-size=""sm"">Part No / Model No</td>
<td data-start=""..."" data-end=""..."" data-col-size=""sm"">8A602EA</td>
</tr>
<tr>
<td data-start=""..."" data-end=""..."" data-col-size=""sm"">Processor</td>
<td data-start=""..."" data-end=""..."" data-col-size=""sm"">Intel Core i7 1355U</td>
</tr>
<tr>
<td data-start=""..."" data-end=""..."" data-col-size=""sm"">RAM</td>
<td data-start=""..."" data-end=""..."" data-col-size=""sm"">16GB DDR4 3200</td>
</tr>
<tr>
<td data-start=""..."" data-end=""..."" data-col-size=""sm"">Storage</td>
<td data-start=""..."" data-end=""..."" data-col-size=""sm"">1TB PCIe NVMe TLC M.2 SSD</td>
</tr>
<tr>
<td data-start=""..."" data-end=""..."" data-col-size=""sm"">Operating System</td>
<td data-start=""..."" data-end=""..."" data-col-size=""sm"">FreeDOS</td>
</tr>
<tr>
<td data-start=""..."" data-end=""..."" data-col-size=""sm"">Display</td>
<td data-start=""..."" data-end=""..."" data-col-size=""sm"">14"" FHD</td>
</tr>
<tr>
<td data-start=""..."" data-end=""..."" data-col-size=""sm"">Optical Drive</td>
<td data-start=""..."" data-end=""..."" data-col-size=""sm"">No ODD</td>
</tr>
<tr>
<td data-start=""..."" data-end=""..."" data-col-size=""sm"">Wireless Connectivity</td>
<td data-start=""..."" data-end=""..."" data-col-size=""sm"">Intel Wi-Fi 6E AX211 (2x2), Bluetooth 5.3</td>
</tr>
<tr>
<td data-start=""..."" data-end=""..."" data-col-size=""sm"">Camera</td>
<td data-start=""..."" data-end=""..."" data-col-size=""sm"">720p HD Camera</td>
</tr>
<tr>
<td data-start=""..."" data-end=""..."" data-col-size=""sm"">Audio</td>
<td data-start=""..."" data-end=""..."" data-col-size=""sm"">Dual stereo speakers, dual array microphones</td>
</tr>
<tr>
<td data-start=""..."" data-end=""..."" data-col-size=""sm"">Security</td>
<td data-start=""..."" data-end=""..."" data-col-size=""sm"">Fingerprint Reader, Nano Security Lock Slot</td>
</tr>
<tr>
<td data-start=""..."" data-end=""..."" data-col-size=""sm"">Keyboard</td>
<td data-start=""..."" data-end=""..."" data-col-size=""sm"">Backlit Keyboard</td>
</tr>
<tr>
<td data-start=""..."" data-end=""..."" data-col-size=""sm"">Color</td>
<td data-start=""..."" data-end=""..."" data-col-size=""sm"">Pike Silver</td>
</tr>
<tr>
<td data-start=""..."" data-end=""..."" data-col-size=""sm"">Warranty</td>
<td data-start=""..."" data-end=""..."" data-col-size=""sm"">1 Year Warranty from Seller</td>
</tr>
</tbody>
</table>
</div>
</div>

<h3 data-start=""..."" data-end=""..."">Versatile Port Selection</h3>
<ul>
	<li><p data-start=""..."" data-end=""..."">The HP EliteBook 640 G10 offers comprehensive port options. Connect effortlessly to all your peripherals. It includes one Thunderbolt 4 port with USB Type-C. This port supports 40Gbps signaling rate. It also handles USB Power Delivery and DisplayPort 1.4. Another USB Type-C port provides 10Gbps signaling rate. This port also supports Power Delivery and DisplayPort 1.4.</p></li>
	<li><p data-start=""..."" data-end=""..."">You will find two USB Type-A 5Gbps signaling rate ports. One of these supports power delivery for charging devices. An AC power port is included for charging the laptop itself. Connect to external monitors with the HDMI 2.1 port. A stereo headphone/microphone combo jack ensures clear audio. The RJ-45 port provides reliable wired network access. Finally, a Nano Security Lock Slot adds physical security.</p></li>
</ul>

<h3 data-start=""..."" data-end=""..."">What’s in the Box</h3>
<ul>
	<li><p data-start=""..."" data-end=""..."">HP EliteBook 640 G10 Laptop</p></li>
	<li><p data-start=""..."" data-end=""..."">HP Smart AC Power Adapter</p></li>
	<li><p data-start=""..."" data-end=""..."">Documentation</p></li>
</ul>

<h3 data-start=""..."" data-end=""..."">Why Choose HP EliteBook 640 G10?</h3>
<ul>
	<li><p data-start=""..."" data-end=""...""><strong>Uncompromised Performance</strong><br />Benefit from a powerful Intel Core i7 processor and generous RAM. Tackle demanding business tasks with ease. Enjoy smooth, responsive computing throughout your workday. This laptop is built for productivity.</p></li>
	<li><p data-start=""..."" data-end=""...""><strong>Robust Security Features</strong><br />Protect your valuable data with advanced security. The integrated Fingerprint Reader ensures secure access. A Nano Security Lock Slot adds an extra layer of physical protection. Work with confidence knowing your information is safe.</p></li>
	<li><p data-start=""..."" data-end=""...""><strong>Exceptional Connectivity</strong><br />Stay connected anywhere with Wi-Fi 6E and Bluetooth 5.3. A wide array of ports supports all your devices. From Thunderbolt 4 to HDMI 2.1 and RJ-45, you are always ready. This laptop integrates seamlessly into any professional environment.</p></li>
</ul>",,,taxable,,1,,0,0,,,,,1,,,95000,Computing > Laptops > HP Laptops,HP EliteBook 640 G10 | HP Laptop | Intel Core i7 1355U | 16GB DDR4 RAM | 1TB NVMe SSD | 14 inch FHD | FreeDOS Laptop | Business Laptop | Thunderbolt 4 | Wi-Fi 6E | Bluetooth 5.3 | Backlit Keyboard | Fingerprint Reader | Pike Silver | Productivity Laptop,,,,,,,,,,,0,Processor,Intel Core i7 1355U,1,0,RAM,16GB DDR4 3200,1,0,Storage,1TB PCIe NVMe TLC M.2 SSD,1,0,HP EliteBook 640 G10 Laptop,"Boost productivity with the HP EliteBook 640 G10 laptop. Featuring an Intel Core i7, 16GB RAM, 1TB SSD, and a 14"" FHD display. Secure and powerful for business. Price: 95000.0.","HP EliteBook 640 G10 Laptop (Core i7-1355U, 16GB RAM, 1TB SSD, 14"" FHD)","HP EliteBook 640 G10 Laptop (Core i7-1355U, 16GB RAM, 1TB SSD, 14"" FHD) - Product Image","High-quality image of HP EliteBook 640 G10 Laptop (Core i7-1355U, 16GB RAM, 1TB SSD, 14"" FHD) showing design and features"
simple,89D95UT,"HP EliteBook 840 G10 Laptop (Intel Core i7 1360P, 16GB RAM, 512GB SSD)",1,0,visible,"<h3 data-start=""..."" data-end=""..."">HP EliteBook 840 G10 Key Specifications</h3>
<table>
<thead>
<tr>
<th></th>
<th></th>
</tr>
</thead>
<tbody>
<tr>
<td>Processor</td>
<td>Intel Core i7 1360P</td>
</tr>
<tr>
<td>RAM</td>
<td>16GB DDR5 5600</td>
</tr>
<tr>
<td>Storage</td>
<td>512GB PCIe NVMe M.2 SSD</td>
</tr>
<tr>
<td>Display</td>
<td>14"" WUXGA</td>
</tr>
<tr>
<td>Operating System</td>
<td>Windows 11 Pro</td>
</tr>
<tr>
<td>Wireless</td>
<td>Wi-Fi 6E AX211, Bluetooth 5.3</td>
</tr>
<tr>
<td>Camera</td>
<td>5MP IR Camera</td>
</tr>
<tr>
<td>Security</td>
<td>Fingerprint Reader</td>
</tr>
<tr>
<td>Ports</td>
<td>2x Thunderbolt 4 (USB-C), 2x USB-A, HDMI 2.1</td>
</tr>
</tbody>
</table>","<h2 data-start=""..."" data-end=""..."">HP EliteBook 840 G10 Laptop</h2>
<p data-start=""..."" data-end=""..."">Experience unparalleled performance and security with the HP EliteBook 840 G10. This premium laptop is engineered for modern professionals. It combines powerful Intel Core i7 processing with ample memory and fast storage. Enjoy a seamless workflow whether you are in the office or on the go. Its sleek Natural Silver design makes a professional statement. Furthermore, advanced security features protect your valuable data.</p>

<h3 data-start=""..."" data-end=""..."">Key Features</h3>
<ul>
	<li><p data-start=""..."" data-end=""...""><strong>Exceptional Performance</strong><br />The HP EliteBook 840 G10 features an Intel Core i7 1360P processor. This powerful CPU delivers outstanding speed and responsiveness for demanding applications. Coupled with 16GB of high-speed DDR5 5600 RAM, it ensures smooth multitasking. You can run multiple programs simultaneously without experiencing slowdowns. This setup is ideal for complex projects and everyday productivity tasks.</p></li>
	<li><p data-start=""..."" data-end=""...""><strong>Blazing-Fast Storage</strong><br />Benefit from lightning-fast boot times and rapid data access with the 512GB PCIe NVMe M.2 SSD. This solid-state drive significantly improves overall system responsiveness. It provides ample space for your documents, applications, and media files. Enjoy quicker file transfers and application launches, enhancing your productivity throughout the day.</p></li>
	<li><p data-start=""..."" data-end=""...""><strong>Vibrant WUXGA Display</strong><br />The 14-inch WUXGA display offers crisp, clear visuals. It provides an immersive viewing experience for work and entertainment. The high resolution ensures sharp text and vibrant colors. This makes it perfect for detailed tasks, presentations, and video conferencing. Enjoy comfortable viewing for extended periods.</p></li>
	<li><p data-start=""..."" data-end=""...""><strong>Enhanced Security Features</strong><br />Your data remains secure with integrated security measures. The EliteBook 840 G10 includes a Fingerprint Reader for quick and secure logins. A Nano Security Lock Slot provides physical protection against theft. These features ensure your sensitive information is protected. Work with confidence knowing your device is safeguarded.</p></li>
	<li><p data-start=""..."" data-end=""...""><strong>Superior Connectivity Options</strong><br />Stay connected with Intel Wi-Fi 6E AX211 (2x2) and Bluetooth 5.3 wireless card. Wi-Fi 6E delivers ultra-fast, reliable internet speeds, ideal for streaming and online collaboration. Bluetooth 5.3 ensures seamless connections with all your wireless peripherals. This includes headphones, mice, and other accessories. Enjoy stable and efficient wireless communication.</p></li>
	<li><p data-start=""..."" data-end=""...""><strong>Premium Audio and Camera</strong><br />Collaborate effectively with the 5MP IR Camera and Audio by Bang & Olufsen. Dual stereo speakers provide rich, clear sound. Dual microphones, enhanced by AI noise reduction, ensure your voice is heard clearly. This technology filters out background distractions. Experience superior audio and video quality for all your virtual meetings and calls.</p></li>
	<li><p data-start=""..."" data-end=""...""><strong>Comprehensive Port Selection</strong><br />Connect all your essential devices with a versatile array of ports. It features two Thunderbolt 4 with USB Type-C 40Gbps signaling rate. These ports support USB Power Delivery and DisplayPort 1.4. Additionally, two USB Type-A 5Gbps signaling rate ports (one charging) are included. An HDMI 2.1 port and a stereo headphone/microphone combo jack complete the setup. This ensures maximum compatibility and expandability.</p></li>
</ul>

<h3 data-start=""..."" data-end=""..."">Specifications</h3>
<h4><strong data-start=""..."" data-end=""..."">General</strong></h4>
<div class=""TyagGW_tableContainer"">
<div class=""group TyagGW_tableWrapper flex w-fit flex-col-reverse"">
<table class=""w-fit min-w-(--thread-content-width)"" data-start=""..."" data-end=""..."">
<thead>
<tr>
<th data-start=""..."" data-end=""..."" data-col-size=""sm""><strong data-start=""..."" data-end=""..."">Feature</strong></th>
<th data-start=""..."" data-end=""..."" data-col-size=""sm""><strong data-start=""..."" data-end=""..."">Specification</strong></th>
</tr>
</thead>
<tbody>
<tr>
<td data-start=""..."" data-end=""..."" data-col-size=""sm"">Model No</td>
<td data-start=""..."" data-end=""..."" data-col-size=""sm"">89D95UT</td>
</tr>
<tr>
<td data-start=""..."" data-end=""..."" data-col-size=""sm"">Processor</td>
<td data-start=""..."" data-end=""..."" data-col-size=""sm"">Intel Core i7 1360P</td>
</tr>
<tr>
<td data-start=""..."" data-end=""..."" data-col-size=""sm"">RAM</td>
<td data-start=""..."" data-end=""..."" data-col-size=""sm"">16GB DDR5 5600</td>
</tr>
<tr>
<td data-start=""..."" data-end=""..."" data-col-size=""sm"">Storage</td>
<td data-start=""..."" data-end=""..."" data-col-size=""sm"">512GB PCIe NVMe M.2 SSD</td>
</tr>
<tr>
<td data-start=""..."" data-end=""..."" data-col-size=""sm"">Operating System</td>
<td data-start=""..."" data-end=""..."" data-col-size=""sm"">Windows 11 Pro</td>
</tr>
<tr>
<td data-start=""..."" data-end=""..."" data-col-size=""sm"">Display</td>
<td data-start=""..."" data-end=""..."" data-col-size=""sm"">14"" WUXGA</td>
</tr>
<tr>
<td data-start=""..."" data-end=""..."" data-col-size=""sm"">Optical Drive</td>
<td data-start=""..."" data-end=""..."" data-col-size=""sm"">No ODD</td>
</tr>
<tr>
<td data-start=""..."" data-end=""..."" data-col-size=""sm"">Wireless</td>
<td data-start=""..."" data-end=""..."" data-col-size=""sm"">Intel Wi-Fi 6E AX211 (2x2)</td>
</tr>
<tr>
<td data-start=""..."" data-end=""..."" data-col-size=""sm"">Bluetooth</td>
<td data-start=""..."" data-end=""..."" data-col-size=""sm"">Bluetooth 5.3</td>
</tr>
<tr>
<td data-start=""..."" data-end=""..."" data-col-size=""sm"">Camera</td>
<td data-start=""..."" data-end=""..."" data-col-size=""sm"">5MP IR Camera</td>
</tr>
<tr>
<td data-start=""..."" data-end=""..."" data-col-size=""sm"">Audio</td>
<td data-start=""..."" data-end=""..."" data-col-size=""sm"">Bang & Olufsen, dual stereo speakers, dual mics with AI noise reduction</td>
</tr>
<tr>
<td data-start=""..."" data-end=""..."" data-col-size=""sm"">Security</td>
<td data-start=""..."" data-end=""..."" data-col-size=""sm"">Fingerprint Reader, Nano Security Lock Slot</td>
</tr>
<tr>
<td data-start=""..."" data-end=""..."" data-col-size=""sm"">Keyboard</td>
<td data-start=""..."" data-end=""..."" data-col-size=""sm"">Backlit Keyboard</td>
</tr>
<tr>
<td data-start=""..."" data-end=""..."" data-col-size=""sm"">Color</td>
<td data-start=""..."" data-end=""..."" data-col-size=""sm"">Natural Silver</td>
</tr>
<tr>
<td data-start=""..."" data-end=""..."" data-col-size=""sm"">Warranty</td>
<td data-start=""..."" data-end=""..."" data-col-size=""sm"">1 Year Warranty from Seller</td>
</tr>
<tr>
<td data-start=""..."" data-end=""..."" data-col-size=""sm"">Ports</td>
<td data-start=""..."" data-end=""..."" data-col-size=""sm"">2x Thunderbolt 4 (USB-C), 2x USB Type-A, 1x HDMI 2.1, 1x Headphone/Mic Combo</td>
</tr>
</tbody>
</table>
</div>
</div>

<h3 data-start=""..."" data-end=""..."">What’s in the Box</h3>
<ul>
	<li><p data-start=""..."" data-end=""..."">HP EliteBook 840 G10 Laptop</p></li>
	<li><p data-start=""..."" data-end=""..."">HP Smart AC Power Adapter</p></li>
	<li><p data-start=""..."" data-end=""..."">Documentation</p></li>
</ul>

<h3 data-start=""..."" data-end=""..."">Why Choose HP EliteBook 840 G10</h3>
<ul>
	<li><p data-start=""..."" data-end=""..."">Boost your productivity with a powerful Intel Core i7 processor and fast DDR5 RAM.</p></li>
	<li><p data-start=""..."" data-end=""..."">Keep your data safe with advanced security features like a fingerprint reader.</p></li>
	<li><p data-start=""..."" data-end=""..."">Enjoy crystal-clear video calls with the 5MP IR camera and Bang & Olufsen audio.</p></li>
	<li><p data-start=""..."" data-end=""..."">Experience superior connectivity with Wi-Fi 6E and versatile Thunderbolt 4 ports.</p></li>
	<li><p data-start=""..."" data-end=""..."">Work comfortably in any environment thanks to the backlit keyboard and sleek design.</p></li>
</ul>",,,taxable,,1,,0,0,,,,,1,,,125000,Computing > Laptops > HP Laptops,HP EliteBook 840 G10 | HP Laptop | Intel Core i7 1360P | 16GB DDR5 RAM | 512GB SSD | Windows 11 Pro | 14 inch WUXGA | Business Laptop | Fingerprint Reader | Thunderbolt 4 | Wi-Fi 6E | Backlit Keyboard | Natural Silver Laptop | HP Business Notebook | 89D95UT,,,,,,,,,,,0,Processor,Intel Core i7 1360P,1,0,RAM,16GB DDR5 5600,1,0,Storage,512GB PCIe NVMe M.2 SSD,1,0,HP EliteBook 840 G10 Laptop,"Boost productivity with the HP EliteBook 840 G10. Featuring Intel Core i7, 16GB RAM, 512GB SSD, and Windows 11 Pro. Secure your data with a fingerprint reader.","HP EliteBook 840 G10 Laptop (Intel Core i7 1360P, 16GB RAM, 512GB SSD)","HP EliteBook 840 G10 Laptop (Intel Core i7 1360P, 16GB RAM, 512GB SSD) - Product Image","High-quality image of HP EliteBook 840 G10 Laptop (Intel Core i7 1360P, 16GB RAM, 512GB SSD) showing design and features"
simple,5Z556ES,"HP EliteBook 1040 G10 Laptop - Intel Core i7 1355U, 16GB DDR5 RAM, 512GB SSD, 14"" WUXGA, FreeDOS",1,0,visible,"<h3 data-start=""..."" data-end=""..."">HP EliteBook 1040 G10 Laptop Highlights</h3>
<table>
<thead>
<tr>
<th>Feature</th>
<th>Specification</th>
</tr>
</thead>
<tbody>
<tr>
<td>Processor</td>
<td>Intel Core i7 1355U</td>
</tr>
<tr>
<td>Memory</td>
<td>16GB DDR5 5600 RAM</td>
</tr>
<tr>
<td>Storage</td>
<td>512GB PCIe NVMe M.2 SSD</td>
</tr>
<tr>
<td>Display</td>
<td>14"" WUXGA</td>
</tr>
<tr>
<td>Operating System</td>
<td>FreeDOS</td>
</tr>
<tr>
<td>Security</td>
<td>Fingerprint Reader</td>
</tr>
<tr>
<td>Connectivity</td>
<td>Wi-Fi 6E, Bluetooth 5.3, Thunderbolt 4</td>
</tr>
<tr>
<td>Audio</td>
<td>Bang & Olufsen</td>
</tr>
<tr>
<td>Warranty</td>
<td>1 Year from Seller</td>
</tr>
</tbody>
</table>","<h2 data-start=""..."" data-end=""..."">HP EliteBook 1040 G10 Laptop</h2>
<p data-start=""..."" data-end=""..."">Discover the HP EliteBook 1040 G10, a premium laptop engineered for the modern professional. This device combines robust performance with sophisticated security features. It offers exceptional portability and a sleek design. Experience seamless productivity and reliable connectivity, making it an ideal choice for demanding workloads. This EliteBook delivers a superior computing experience.</p>

<h3 data-start=""..."" data-end=""..."">Key Features</h3>
<ul>
	<li><p data-start=""..."" data-end=""...""><strong>Powerful 13th Gen Intel Core i7 Processor</strong><br />The HP EliteBook 1040 G10 features an Intel Core i7 1355U processor. This advanced CPU ensures smooth multitasking and efficient handling of complex applications. Enjoy responsive performance for all your business needs. It powers through tasks effortlessly.</p></li>
	<li><p data-start=""..."" data-end=""...""><strong>Blazing-Fast DDR5 Memory</strong><br />Equipped with 16GB of DDR5 5600 RAM, this laptop offers incredible speed. It allows for rapid data access and seamless switching between applications. This high-speed memory enhances overall system responsiveness and efficiency. Boost your productivity with ease.</p></li>
	<li><p data-start=""..."" data-end=""...""><strong>Swift and Spacious PCIe NVMe SSD Storage</strong><br />A 512GB PCIe NVMe M.2 SSD provides ample storage for your files. Benefit from lightning-fast boot times and quick application loading. Your critical data is always accessible in an instant. This storage solution ensures peak performance.</p></li>
	<li><p data-start=""..."" data-end=""...""><strong>Vibrant 14-inch WUXGA Display</strong><br />The 14-inch WUXGA display delivers crisp and clear visuals. Enjoy comfortable viewing for documents, presentations, and multimedia. Its high resolution ensures every detail is sharp. This screen is perfect for extended work sessions.</p></li>
	<li><p data-start=""..."" data-end=""...""><strong>Advanced Wireless Connectivity</strong><br />Stay connected with Intel Wi-Fi 6E AX211 (2x2) for ultra-fast wireless speeds. Bluetooth 5.3 ensures reliable connections to all your peripherals. Enjoy stable and rapid network access wherever you go. Seamless communication is guaranteed.</p></li>
	<li><p data-start=""..."" data-end=""...""><strong>Enhanced Security Features</strong><br />Protect your data with a built-in Fingerprint Reader for secure access. The Nano Security Lock Slot adds physical protection against theft. HP's robust security measures keep your information safe. Work with complete peace of mind.</p></li>
	<li><p data-start=""..."" data-end=""...""><strong>Premium Audio and Camera Experience</strong><br />Audio by Bang & Olufsen delivers rich, immersive sound. Dual stereo speakers and AI noise reduction microphones enhance calls. The 5MP camera ensures crystal-clear video conferencing. Collaborate effectively and professionally.</p></li>
	<li><p data-start=""..."" data-end=""...""><strong>Versatile Port Selection</strong><br />Connect all your essential devices with ease. It includes two Thunderbolt 4 with USB Type-C ports. These offer 40Gbps signaling rate, USB Power Delivery, and DisplayPort 1.4. You also get two USB Type-A ports (one charging) and one HDMI 2.1. A stereo headphone/microphone combo jack completes the setup.</p></li>
</ul>

<h3 data-start=""..."" data-end=""..."">Specifications</h3>
<h4><strong data-start=""..."" data-end=""..."">General</strong></h4>
<div class=""TyagGW_tableContainer"">
<div class=""group TyagGW_tableWrapper flex w-fit flex-col-reverse"">
<table class=""w-fit min-w-(--thread-content-width)"" data-start=""..."" data-end=""..."">
<thead>
<tr>
<th data-start=""..."" data-end=""..."" data-col-size=""sm""><strong data-start=""..."" data-end=""..."">Feature</strong></th>
<th data-start=""..."" data-end=""..."" data-col-size=""sm""><strong data-start=""..."" data-end=""..."">Specification</strong></th>
</tr>
</thead>
<tbody>
<tr>
<td data-start=""..."" data-end=""..."" data-col-size=""sm"">Part No / Model No</td>
<td data-start=""..."" data-end=""..."" data-col-size=""sm"">5Z556ES</td>
</tr>
<tr>
<td data-start=""..."" data-end=""..."" data-col-size=""sm"">Processor</td>
<td data-start=""..."" data-end=""..."" data-col-size=""sm"">Intel Core i7 1355U</td>
</tr>
<tr>
<td data-start=""..."" data-end=""..."" data-col-size=""sm"">RAM</td>
<td data-start=""..."" data-end=""..."" data-col-size=""sm"">16GB DDR5 5600</td>
</tr>
<tr>
<td data-start=""..."" data-end=""..."" data-col-size=""sm"">Storage</td>
<td data-start=""..."" data-end=""..."" data-col-size=""sm"">512GB PCIe NVMe M.2 SSD</td>
</tr>
<tr>
<td data-start=""..."" data-end=""..."" data-col-size=""sm"">Operating System</td>
<td data-start=""..."" data-end=""..."" data-col-size=""sm"">FreeDOS</td>
</tr>
<tr>
<td data-start=""..."" data-end=""..."" data-col-size=""sm"">Display</td>
<td data-start=""..."" data-end=""..."" data-col-size=""sm"">14"" WUXGA</td>
</tr>
<tr>
<td data-start=""..."" data-end=""..."" data-col-size=""sm"">Optical Drive</td>
<td data-start=""..."" data-end=""..."" data-col-size=""sm"">No ODD</td>
</tr>
<tr>
<td data-start=""..."" data-end=""..."" data-col-size=""sm"">Wireless</td>
<td data-start=""..."" data-end=""..."" data-col-size=""sm"">Intel Wi-Fi 6E AX211 (2x2) and Bluetooth 5.3</td>
</tr>
<tr>
<td data-start=""..."" data-end=""..."" data-col-size=""sm"">Camera</td>
<td data-start=""..."" data-end=""..."" data-col-size=""sm"">5MP Camera</td>
</tr>
<tr>
<td data-start=""..."" data-end=""..."" data-col-size=""sm"">Audio</td>
<td data-start=""..."" data-end=""..."" data-col-size=""sm"">Audio by Bang & Olufsen, dual stereo speakers, dual microphones enhanced by AI noise reduction</td>
</tr>
<tr>
<td data-start=""..."" data-end=""..."" data-col-size=""sm"">Security</td>
<td data-start=""..."" data-end=""..."" data-col-size=""sm"">Fingerprint Reader, Nano Security Lock Slot</td>
</tr>
<tr>
<td data-start=""..."" data-end=""..."" data-col-size=""sm"">Keyboard</td>
<td data-start=""..."" data-end=""..."" data-col-size=""sm"">Backlit Keyboard</td>
</tr>
<tr>
<td data-start=""..."" data-end=""..."" data-col-size=""sm"">Ports</td>
<td data-start=""..."" data-end=""..."" data-col-size=""sm"">2x Thunderbolt 4 (USB Type-C 40Gbps, PD, DisplayPort 1.4), 2x USB Type-A (5Gbps, 1 charging), 1x HDMI 2.1, 1x stereo headphone/microphone combo jack</td>
</tr>
<tr>
<td data-start=""..."" data-end=""..."" data-col-size=""sm"">Color</td>
<td data-start=""..."" data-end=""..."" data-col-size=""sm"">Silver</td>
</tr>
<tr>
<td data-start=""..."" data-end=""..."" data-col-size=""sm"">Warranty</td>
<td data-start=""..."" data-end=""..."" data-col-size=""sm"">1 Year Warranty from Seller</td>
</tr>
</tbody>
</table>
</div>
</div>

<h3 data-start=""..."" data-end=""..."">What’s in the Box</h3>
<ul>
	<li><p data-start=""..."" data-end=""..."">HP EliteBook 1040 G10 Laptop</p></li>
	<li><p data-start=""..."" data-end=""..."">HP Smart AC Power Adapter</p></li>
	<li><p data-start=""..."" data-end=""..."">Documentation and Manuals</p></li>
</ul>

<h3 data-start=""..."" data-end=""..."">Why Choose the HP EliteBook 1040 G10</h3>
<ul>
	<li><p data-start=""..."" data-end=""..."">Experience top-tier performance with the latest Intel Core i7 processor.</p></li>
	<li><p data-start=""..."" data-end=""..."">Benefit from lightning-fast memory and storage for unparalleled responsiveness.</p></li>
	<li><p data-start=""..."" data-end=""..."">Enjoy enterprise-grade security features to protect your sensitive data.</p></li>
	<li><p data-start=""..."" data-end=""..."">Engage in clear communication with premium Bang & Olufsen audio and a 5MP camera.</p></li>
	<li><p data-start=""..."" data-end=""..."">Stay connected with advanced Wi-Fi 6E and versatile Thunderbolt 4 ports.</p></li>
</ul>",,,taxable,,1,,0,0,,,,,1,,,140000,Computing > Laptops > HP Laptops,HP EliteBook 1040 G10 | HP EliteBook | EliteBook | Intel Core i7 | i7 1355U | 16GB DDR5 RAM | 512GB NVMe SSD | 14 inch laptop | WUXGA display | FreeDOS | Thunderbolt 4 | Wi-Fi 6E | Bluetooth 5.3 | Bang & Olufsen audio | Fingerprint Reader | Backlit Keyboard | Business Laptop | Professional Laptop,,,,,,,,,,,0,Processor,Intel Core i7 1355U,1,0,RAM,16GB DDR5 5600,1,0,Storage,512GB PCIe NVMe M.2 SSD,1,0,HP EliteBook 1040 G10 Laptop,"Experience the HP EliteBook 1040 G10 laptop with Intel Core i7 1355U, 16GB DDR5 RAM, and 512GB SSD. Features a 14"" WUXGA display, FreeDOS, and robust security.","HP EliteBook 1040 G10 Laptop - Intel Core i7 1355U, 16GB DDR5 RAM, 512GB SSD, 14"" WUXGA, FreeDOS","HP EliteBook 1040 G10 Laptop - Intel Core i7 1355U, 16GB DDR5 RAM, 512GB SSD, 14"" WUXGA, FreeDOS - Product Image","High-quality image of HP EliteBook 1040 G10 Laptop - Intel Core i7 1355U, 16GB DDR5 RAM, 512GB SSD, 14"" WUXGA, FreeDOS showing design and features"
simple,9R8R2UA,HP Envy x360 2-in-1 14-es1013dx Laptop,1,0,visible,"<h3 data-start=""..."" data-end=""..."">HP Envy x360 2-in-1 14-es1013dx</h3>
<table>
<thead>
<tr>
<th></th>
<th></th>
</tr>
</thead>
<tbody>
<tr>
<td>Processor</td>
<td>Intel Core 5 120U</td>
</tr>
<tr>
<td>RAM</td>
<td>8GB DDR4 (onboard)</td>
</tr>
<tr>
<td>Storage</td>
<td>512GB PCIe NVMe M.2 SSD</td>
</tr>
<tr>
<td>Display</td>
<td>14"" FHD Touch Screen</td>
</tr>
<tr>
<td>Operating System</td>
<td>Windows 11 Home</td>
</tr>
<tr>
<td>Form Factor</td>
<td>2-in-1 Convertible Laptop</td>
</tr>
<tr>
<td>Security</td>
<td>Fingerprint Reader</td>
</tr>
</tbody>
</table>","<h2 data-start=""..."" data-end=""..."">HP Envy x360 2-in-1 14-es1013dx Laptop</h2>
<p data-start=""..."" data-end=""..."">Discover unparalleled versatility with the HP Envy x360 2-in-1 14-es1013dx. This innovative laptop seamlessly transitions between laptop and tablet modes. It features a responsive 14-inch Full HD touch screen. The powerful Intel Core 5 120U processor ensures smooth performance for all your tasks. Enjoy efficient multitasking with 8GB of onboard DDR4 RAM. A rapid 512GB PCIe NVMe M.2 SSD provides ample storage and quick boot times. This device is perfect for students, professionals, and creatives alike. It combines performance, flexibility, and premium features in one elegant package.</p>

<h3 data-start=""..."" data-end=""..."">Key Features</h3>
<ul>
	<li><p data-start=""..."" data-end=""...""><strong>Adaptable 2-in-1 Design</strong><br />Experience ultimate flexibility with the HP Envy x360. Its 2-in-1 convertible design lets you switch effortlessly. Use it as a traditional laptop for productivity. Transform it into a tablet for creative work or entertainment. The vibrant 14-inch Full HD touch screen offers intuitive interaction. This design adapts to your workflow and lifestyle.</p></li>
	<li><p data-start=""..."" data-end=""...""><strong>Robust Performance & Storage</strong><br />Power through your day with the Intel Core 5 120U processor. This ensures responsive and reliable performance. Multitask with ease thanks to 8GB of high-speed DDR4 3200 onboard RAM. The 512GB PCIe NVMe M.2 SSD delivers lightning-fast data access. It provides quick application launches and ample space for all your files. Enjoy a seamless computing experience.</p></li>
	<li><p data-start=""..."" data-end=""...""><strong>Immersive Visuals & Audio</strong><br />Engage with stunning visuals on the 14-inch FHD touch screen. This display brings your content to life with vivid clarity. Enhance your audio experience with Poly Studio. Dual speakers deliver rich, clear sound. Whether you are watching movies, listening to music, or video conferencing, the audio quality is exceptional.</p></li>
	<li><p data-start=""..."" data-end=""...""><strong>Advanced Connectivity & Security</strong><br />Stay connected with Wi-Fi 6E (2x2) and Bluetooth 5.3. These offer fast and reliable wireless performance. The laptop includes versatile ports like one USB Type-C (10Gbps, Power Delivery, DisplayPort 1.4, HP Sleep and Charge), two USB Type-A (5Gbps), and one HDMI 2.1. A fingerprint reader ensures secure and convenient login. The HP True Vision 5MP camera provides clear video calls. Its temporal noise reduction improves image quality.</p></li>
	<li><p data-start=""..."" data-end=""...""><strong>Thoughtful Design & User Experience</strong><br />This laptop boasts a sleek Natural Silver finish. It features a comfortable backlit keyboard for typing in any lighting condition. Windows 11 Home comes pre-installed, offering a modern and intuitive interface. A microSD media card reader adds extra convenience for file transfers. Enjoy a premium user experience from every angle.</p></li>
</ul>

<h3 data-start=""..."" data-end=""..."">Specifications</h3>
<h4><strong data-start=""..."" data-end=""..."">General</strong></h4>
<div class=""TyagGW_tableContainer"">
<div class=""group TyagGW_tableWrapper flex w-fit flex-col-reverse"">
<table class=""w-fit min-w-(--thread-content-width)"" data-start=""..."" data-end=""..."">
<thead>
<tr>
<th data-start=""..."" data-end=""..."" data-col-size=""sm""><strong data-start=""..."" data-end=""..."">Feature</strong></th>
<th data-start=""..."" data-end=""..."" data-col-size=""sm""><strong data-start=""..."" data-end=""..."">Specification</strong></th>
</tr>
</thead>
<tbody>
<tr>
<td data-start=""..."" data-end=""..."" data-col-size=""sm"">Part No / Model No</td>
<td data-start=""..."" data-end=""..."" data-col-size=""sm"">9R8R2UA</td>
</tr>
<tr>
<td data-start=""..."" data-end=""..."" data-col-size=""sm"">Processor</td>
<td data-start=""..."" data-end=""..."" data-col-size=""sm"">Intel Core 5 120U</td>
</tr>
<tr>
<td data-start=""..."" data-end=""..."" data-col-size=""sm"">RAM</td>
<td data-start=""..."" data-end=""..."" data-col-size=""sm"">8GB DDR4 3200 (onboard)</td>
</tr>
<tr>
<td data-start=""..."" data-end=""..."" data-col-size=""sm"">Storage</td>
<td data-start=""..."" data-end=""..."" data-col-size=""sm"">512GB PCIe NVMe M.2 SSD</td>
</tr>
<tr>
<td data-start=""..."" data-end=""..."" data-col-size=""sm"">Operating System</td>
<td data-start=""..."" data-end=""..."" data-col-size=""sm"">Windows 11 Home</td>
</tr>
<tr>
<td data-start=""..."" data-end=""..."" data-col-size=""sm"">Display</td>
<td data-start=""..."" data-end=""..."" data-col-size=""sm"">14"" FHD Touch Screen</td>
</tr>
<tr>
<td data-start=""..."" data-end=""..."" data-col-size=""sm"">Optical Drive</td>
<td data-start=""..."" data-end=""..."" data-col-size=""sm"">No ODD</td>
</tr>
<tr>
<td data-start=""..."" data-end=""..."" data-col-size=""sm"">Wireless Connectivity</td>
<td data-start=""..."" data-end=""..."" data-col-size=""sm"">Wi-Fi 6E (2x2) and Bluetooth 5.3</td>
</tr>
<tr>
<td data-start=""..."" data-end=""..."" data-col-size=""sm"">Camera</td>
<td data-start=""..."" data-end=""..."" data-col-size=""sm"">HP True Vision 5MP with temporal noise reduction</td>
</tr>
<tr>
<td data-start=""..."" data-end=""..."" data-col-size=""sm"">Audio</td>
<td data-start=""..."" data-end=""..."" data-col-size=""sm"">Poly Studio with Dual Speakers, integrated dual array digital microphones</td>
</tr>
<tr>
<td data-start=""..."" data-end=""..."" data-col-size=""sm"">Security</td>
<td data-start=""..."" data-end=""..."" data-col-size=""sm"">Fingerprint Reader</td>
</tr>
<tr>
<td data-start=""..."" data-end=""..."" data-col-size=""sm"">Keyboard</td>
<td data-start=""..."" data-end=""..."" data-col-size=""sm"">Backlit Keyboard</td>
</tr>
<tr>
<td data-start=""..."" data-end=""..."" data-col-size=""sm"">Color</td>
<td data-start=""..."" data-end=""..."" data-col-size=""sm"">Natural Silver</td>
</tr>
<tr>
<td data-start=""..."" data-end=""..."" data-col-size=""sm"">Ports</td>
<td data-start=""..."" data-end=""..."" data-col-size=""sm"">1x USB Type-C 10Gbps (Power Delivery, DisplayPort 1.4, HP Sleep and Charge), 2x USB Type-A 5Gbps, 1x HDMI 2.1, 1x AC smart pin, 1x headphone/microphone combo, 1x microSD media card reader</td>
</tr>
<tr>
<td data-start=""..."" data-end=""..."" data-col-size=""sm"">Warranty</td>
<td data-start=""..."" data-end=""..."" data-col-size=""sm"">1 Year Warranty from Seller</td>
</tr>
</tbody>
</table>
</div>
</div>

<h3 data-start=""..."" data-end=""..."">What’s in the Box</h3>
<ul>
	<li><p data-start=""..."" data-end=""..."">HP Envy x360 2-in-1 14-es1013dx Laptop</p></li>
	<li><p data-start=""..."" data-end=""..."">AC Power Adapter</p></li>
	<li><p data-start=""..."" data-end=""..."">Documentation</p></li>
</ul>

<h3 data-start=""..."" data-end=""..."">Why Choose HP Envy x360 14-es1013dx</h3>
<ul>
	<li><p data-start=""..."" data-end=""..."">Enjoy dynamic flexibility with its 2-in-1 convertible design.</p></li>
	<li><p data-start=""..."" data-end=""..."">Benefit from powerful Intel Core 5 performance for all your computing needs.</p></li>
	<li><p data-start=""..."" data-end=""..."">Experience quick boot-ups and ample storage with a fast 512GB SSD.</p></li>
	<li><p data-start=""..."" data-end=""..."">Secure your data with the integrated fingerprint reader and Windows 11 Home features.</p></li>
	<li><p data-start=""..."" data-end=""..."">Stay connected with advanced Wi-Fi 6E and a comprehensive set of ports.</p></li>
</ul>",,,taxable,,1,,0,0,,,,,1,,,70000,Laptops > HP Laptops,HP | Envy x360 | 14-es1013dx | 2-in-1 Laptop | Convertible Laptop | Intel Core 5 | 8GB RAM | 512GB SSD | 14 inch | FHD Touch Screen | Windows 11 Home | Backlit Keyboard | Fingerprint Reader | Wi-Fi 6E | Natural Silver,,,,,,,,,,,0,Processor,Intel Core 5 120U,1,0,RAM,8GB DDR4 3200 (onboard),1,0,Storage,512GB PCIe NVMe M.2 SSD,1,0,HP Envy x360 14-es1013dx,"Unlock versatility with the HP Envy x360 14-es1013dx 2-in-1 laptop. Intel Core 5, 8GB RAM, 512GB SSD, 14"" FHD Touch, Windows 11. KES 70,000.0. Shop now!",HP Envy x360 2-in-1 14-es1013dx Laptop,HP Envy x360 2-in-1 14-es1013dx Laptop - Product Image,High-quality image of HP Envy x360 2-in-1 14-es1013dx Laptop showing design and features
simple,B84RBEA,HP OmniBook Ultra Flip 14-fh0016nia Laptop,1,0,visible,"<h3 data-start=""..."" data-end=""..."">HP OmniBook Ultra Flip 14-fh0016nia</h3>
<table>
<thead>
<tr>
<th></th>
<th></th>
</tr>
</thead>
<tbody>
<tr>
<td>Processor</td>
<td>Intel Core Ultra 7 256V</td>
</tr>
<tr>
<td>RAM</td>
<td>16GB LPDDR5x 8533 (onboard)</td>
</tr>
<tr>
<td>Storage</td>
<td>1TB PCIe Gen4 NVMe SSD</td>
</tr>
<tr>
<td>Display</td>
<td>14"" 3K OLED 120Hz Touch Screen</td>
</tr>
<tr>
<td>Graphics</td>
<td>Intel Arc Graphics</td>
</tr>
<tr>
<td>Operating System</td>
<td>Windows 11 Home</td>
</tr>
<tr>
<td>Connectivity</td>
<td>Intel Wi-Fi 7, BT 5.4, Thunderbolt 4</td>
</tr>
<tr>
<td>Security</td>
<td>Fingerprint Reader, 9MP IR AI Camera</td>
</tr>
</tbody>
</table>","<h2 data-start=""..."" data-end=""..."">HP OmniBook Ultra Flip 14-fh0016nia Laptop</h2>
<p data-start=""..."" data-end=""..."">Discover unparalleled performance and versatility with the HP OmniBook Ultra Flip 14-fh0016nia. This premium laptop combines cutting-edge technology with a flexible design. It features an Intel Core Ultra 7 processor and a generous 16GB of LPDDR5x RAM. Experience lightning-fast responsiveness and seamless multitasking. A spacious 1TB PCIe Gen4 NVMe SSD ensures quick boot times and rapid application loading. The stunning 14-inch 3K OLED 120Hz touchscreen offers breathtaking visuals. Its ultra-flip design adapts to your needs, transforming effortlessly from a powerful laptop to a dynamic tablet. This device is perfect for professionals and creatives seeking top-tier performance and flexibility.</p>

<h3 data-start=""..."" data-end=""..."">Key Features</h3>
<ul>
	<li><p data-start=""..."" data-end=""...""><strong>Next-Generation Performance</strong><br />The HP OmniBook Ultra Flip 14 is powered by an Intel Core Ultra 7 256V processor. This advanced CPU delivers exceptional speed and efficiency for demanding tasks. Paired with 16GB of LPDDR5x 8533 onboard RAM, it handles complex applications with ease. Enjoy smooth performance whether you are working, creating, or enjoying entertainment.</p></li>
	<li><p data-start=""..."" data-end=""...""><strong>Vibrant 3K OLED Touch Display</strong><br />Immerse yourself in stunning visuals on the 14-inch 3K OLED 120Hz touchscreen. This display offers incredible clarity, vibrant colors, and deep blacks. The high refresh rate ensures incredibly smooth motion, perfect for fast-paced content. Its touch capabilities enhance interaction and creativity, making it ideal for design and casual use.</p></li>
	<li><p data-start=""..."" data-end=""...""><strong>Ultra-Fast Storage & Graphics</strong><br />Benefit from a massive 1TB PCIe Gen4 NVMe Performance M.2 SSD. This storage solution provides ample space and incredible read/write speeds. Boot your system in seconds and load applications instantly. Integrated Intel Arc Graphics deliver impressive visual performance. Enjoy smooth gaming and accelerate your creative workflows.</p></li>
	<li><p data-start=""..."" data-end=""...""><strong>Advanced Connectivity & Audio</strong><br />Stay connected with Intel Wi-Fi 7 BE201 (2x2) and Bluetooth 5.4. These technologies offer the latest in wireless speed and reliability. The laptop features two Thunderbolt 4 with USB Type-C ports for ultra-fast data transfer and versatile display options. Experience rich, clear sound with Poly Studio featuring Quad Speakers. Integrated dual array digital microphones ensure crystal-clear communication.</p></li>
	<li><p data-start=""..."" data-end=""...""><strong>Enhanced Security and Design</strong><br />Access your device quickly and securely with the integrated Fingerprint Reader. The 9MP IR AI Camera includes temporal noise reduction for high-quality video calls. A backlit keyboard enhances productivity in low-light conditions. Its sleek Eclipse Gray finish provides a professional and stylish appearance. The laptop also includes Accelerometer, Gyroscope, Magnetometer, and an IR Thermal Sensor for an intelligent user experience.</p></li>
</ul>

<h3 data-start=""..."" data-end=""..."">Specifications</h3>
<h4><strong data-start=""..."" data-end=""..."">General</strong></h4>
<div class=""TyagGW_tableContainer"">
<div class=""group TyagGW_tableWrapper flex w-fit flex-col-reverse"">
<table class=""w-fit min-w-(--thread-content-width)"" data-start=""..."" data-end=""..."">
<thead>
<tr>
<th data-start=""..."" data-end=""..."" data-col-size=""sm""><strong data-start=""..."" data-end=""..."">Feature</strong></th>
<th data-start=""..."" data-end=""..."" data-col-size=""sm""><strong data-start=""..."" data-end=""..."">Specification</strong></th>
</tr>
</thead>
<tbody>
<tr>
<td data-start=""..."" data-end=""..."" data-col-size=""sm"">Model No</td>
<td data-start=""..."" data-end=""..."" data-col-size=""sm"">B84RBEA</td>
</tr>
<tr>
<td data-start=""..."" data-end=""..."" data-col-size=""sm"">Processor</td>
<td data-start=""..."" data-end=""..."" data-col-size=""sm"">Intel Core Ultra 7 256V</td>
</tr>
<tr>
<td data-start=""..."" data-end=""..."" data-col-size=""sm"">RAM</td>
<td data-start=""..."" data-end=""..."" data-col-size=""sm"">16GB LPDDR5x 8533 (onboard)</td>
</tr>
<tr>
<td data-start=""..."" data-end=""..."" data-col-size=""sm"">Storage</td>
<td data-start=""..."" data-end=""..."" data-col-size=""sm"">1TB PCIe Gen4 NVMe Performance M.2 SSD</td>
</tr>
<tr>
<td data-start=""..."" data-end=""..."" data-col-size=""sm"">Graphics</td>
<td data-start=""..."" data-end=""..."" data-col-size=""sm"">Intel Arc Graphics</td>
</tr>
<tr>
<td data-start=""..."" data-end=""..."" data-col-size=""sm"">Operating System</td>
<td data-start=""..."" data-end=""..."" data-col-size=""sm"">Windows 11 Home</td>
</tr>
<tr>
<td data-start=""..."" data-end=""..."" data-col-size=""sm"">Display</td>
<td data-start=""..."" data-end=""..."" data-col-size=""sm"">14"" 3K OLED 120Hz Touch Screen</td>
</tr>
<tr>
<td data-start=""..."" data-end=""..."" data-col-size=""sm"">Optical Drive</td>
<td data-start=""..."" data-end=""..."" data-col-size=""sm"">No ODD</td>
</tr>
<tr>
<td data-start=""..."" data-end=""..."" data-col-size=""sm"">Wireless</td>
<td data-start=""..."" data-end=""..."" data-col-size=""sm"">Intel Wi-Fi 7 BE201 (2x2) and Bluetooth 5.4</td>
</tr>
<tr>
<td data-start=""..."" data-end=""..."" data-col-size=""sm"">Camera</td>
<td data-start=""..."" data-end=""..."" data-col-size=""sm"">9MP IR AI Camera with temporal noise reduction</td>
</tr>
<tr>
<td data-start=""..."" data-end=""..."" data-col-size=""sm"">Audio</td>
<td data-start=""..."" data-end=""..."" data-col-size=""sm"">Poly Studio with Quad Speakers</td>
</tr>
<tr>
<td data-start=""..."" data-end=""..."" data-col-size=""sm"">Security</td>
<td data-start=""..."" data-end=""..."" data-col-size=""sm"">Fingerprint Reader</td>
</tr>
<tr>
<td data-start=""..."" data-end=""..."" data-col-size=""sm"">Keyboard</td>
<td data-start=""..."" data-end=""..."" data-col-size=""sm"">Backlit Keyboard</td>
</tr>
<tr>
<td data-start=""..."" data-end=""..."" data-col-size=""sm"">Color</td>
<td data-start=""..."" data-end=""..."" data-col-size=""sm"">Eclipse Gray</td>
</tr>
<tr>
<td data-start=""..."" data-end=""..."" data-col-size=""sm"">Warranty</td>
<td data-start=""..."" data-end=""..."" data-col-size=""sm"">1 Year</td>
</tr>
</tbody>
</table>
</div>
</div>

<h3 data-start=""..."" data-end=""..."">Connectivity & Sensors</h3>
<ul>
	<li><p data-start=""..."" data-end=""...""><strong>Thunderbolt 4 Ports</strong><br />Two Thunderbolt 4 ports with USB Type-C 40Gbps signaling rate offer versatile connectivity. These ports support USB Power Delivery, DisplayPort 2.1, and HP Sleep and Charge. Connect multiple peripherals and external displays effortlessly.</p></li>
	<li><p data-start=""..."" data-end=""...""><strong>Additional USB-C and Audio</strong><br />A dedicated USB Type-C port with 10Gbps signaling rate provides additional connectivity. It also supports USB Power Delivery, DisplayPort 1.4a, and HP Sleep and Charge. A convenient headphone/microphone combo jack is included for all your audio needs.</p></li>
	<li><p data-start=""..."" data-end=""...""><strong>Integrated Sensors</strong><br />The HP OmniBook Ultra Flip 14 incorporates several advanced sensors. These include an Accelerometer, Gyroscope, Magnetometer, and an IR Thermal Sensor. These components enhance the laptop's responsiveness and provide intelligent environmental awareness.</p></li>
</ul>

<h3 data-start=""..."" data-end=""..."">What’s in the Box</h3>
<ul>
	<li><p data-start=""..."" data-end=""..."">HP OmniBook Ultra Flip 14-fh0016nia Laptop</p></li>
	<li><p data-start=""..."" data-end=""..."">Power Adapter</p></li>
	<li><p data-start=""..."" data-end=""..."">Documentation</p></li>
</ul>

<h3 data-start=""..."" data-end=""..."">Why Choose HP OmniBook Ultra Flip 14-fh0016nia</h3>
<ul>
	<li><p data-start=""..."" data-end=""...""><strong>Unmatched Versatility</strong><br />The Ultra Flip design allows seamless transitions between laptop, tablet, tent, and stand modes. This adaptability caters to diverse tasks and environments, enhancing your productivity and entertainment.</p></li>
	<li><p data-start=""..."" data-end=""...""><strong>Premium Visuals and Audio</strong><br />Experience content like never before with the 3K OLED 120Hz touchscreen and Poly Studio Quad Speakers. This combination delivers an immersive multimedia experience for both work and play.</p></li>
	<li><p data-start=""..."" data-end=""...""><strong>Powerful and Secure Computing</strong><br />Enjoy top-tier performance from the Intel Core Ultra 7 processor and a robust 1TB SSD. Coupled with advanced security features like a fingerprint reader, your data and privacy remain protected.</p></li>
</ul>",,,taxable,,0,,0,0,,,,,1,,,,Computing > Laptops > HP Laptops,HP | OmniBook | Laptop | Ultra Flip | 14-inch | OLED | Touchscreen | Intel Core Ultra 7 | 16GB RAM | 1TB SSD | Windows 11 Home | Intel Arc Graphics | Wi-Fi 7 | Thunderbolt 4 | Fingerprint Reader | Backlit Keyboard | Eclipse Gray,,,,,,,,,,,0,Processor,Intel Core Ultra 7 256V,1,0,RAM,16GB LPDDR5x 8533 (onboard),1,0,Storage,1TB PCIe Gen4 NVMe Performance M.2 SSD,1,0,HP OmniBook Ultra Flip 14,"Experience premium performance with the HP OmniBook Ultra Flip 14-fh0016nia. Features Intel Core Ultra 7, 16GB RAM, 1TB SSD, and a stunning 14"" 3K OLED touchscreen.",HP OmniBook Ultra Flip 14-fh0016nia Laptop,HP OmniBook Ultra Flip 14-fh0016nia Laptop - Product Image,High-quality image of HP OmniBook Ultra Flip 14-fh0016nia Laptop showing design and features
simple,NH.QRYAA.001,"Acer Nitro V 15 ANV15-51-789J Gaming Laptop (i7-13620H, RTX 4060, 16GB RAM, 512GB SSD)",1,0,visible,"<h3 data-start=""..."" data-end=""..."">Acer Nitro V 15 ANV15-51-789J Gaming Laptop</h3>
<table>
<thead>
<tr>
<th></th>
<th></th>
</tr>
</thead>
<tbody>
<tr>
<td>Processor</td>
<td>Intel Core i7 13620H</td>
</tr>
<tr>
<td>Graphics</td>
<td>NVIDIA GeForce RTX 4060 8GB GDDR6</td>
</tr>
<tr>
<td>RAM</td>
<td>16GB DDR5 5600MHz</td>
</tr>
<tr>
<td>Storage</td>
<td>512GB M.2 PCIe NVMe SSD</td>
</tr>
<tr>
<td>Display</td>
<td>15.6"" FHD 144Hz</td>
</tr>
<tr>
<td>Operating System</td>
<td>Windows 11 Home</td>
</tr>
<tr>
<td>Connectivity</td>
<td>Wi-Fi 6, Bluetooth 5.1, Gigabit Ethernet</td>
</tr>
<tr>
<td>Keyboard</td>
<td>White Backlit</td>
</tr>
<tr>
<td>Warranty</td>
<td>1 Year Seller Warranty</td>
</tr>
</tbody>
</table>","<h2 data-start=""..."" data-end=""..."">Acer Nitro V 15 ANV15-51-789J Gaming Laptop</h2>
<p data-start=""..."" data-end=""..."">Experience unparalleled gaming with the Acer Nitro V 15 ANV15-51-789J. This powerful laptop is engineered for serious gamers. It combines cutting-edge performance with an immersive display. Dive into your favorite titles with stunning visuals and smooth gameplay. The Nitro V 15 delivers an exceptional computing experience. It is designed to handle the most demanding tasks with ease. Prepare for an elevated level of gaming and productivity.</p>

<h3 data-start=""..."" data-end=""..."">Key Features</h3>
<ul>
	<li><p data-start=""..."" data-end=""...""><strong>Dominant Performance</strong><br />Power your gaming and creative tasks with the Intel Core i7 13620H processor. This 13th Gen CPU offers incredible speed and efficiency. It handles demanding applications with ease. Enjoy seamless multitasking and rapid responsiveness. This robust processor ensures smooth operation across all your activities. It provides the necessary horsepower for intense gaming sessions.</p></li>
	<li><p data-start=""..."" data-end=""...""><strong>Next-Gen Graphics</strong><br />Immerse yourself in lifelike visuals with the NVIDIA GeForce RTX 4060 graphics card. Featuring 8GB of GDDR6 memory, it delivers stunning ray tracing and AI-accelerated performance. Experience breathtaking detail and fluid frame rates in modern games. This powerful GPU ensures every scene is rendered beautifully. It brings your virtual worlds to life with incredible realism.</p></li>
	<li><p data-start=""..."" data-end=""...""><strong>Blazing-Fast Memory</strong><br />Equipped with 16GB of DDR5 5600MHz RAM, this laptop ensures swift data access. Load games faster and run multiple applications without slowdowns. DDR5 technology offers significant performance gains over older standards. This ample memory capacity supports intensive workloads. It allows for a responsive and efficient user experience.</p></li>
	<li><p data-start=""..."" data-end=""...""><strong>Rapid Storage Solution</strong><br />A 512GB M.2 PCIe NVMe SSD provides ample space for your games and files. Benefit from lightning-fast boot times and application launches. PCIe NVMe technology delivers superior read and write speeds. This ensures quick access to all your data. Say goodbye to long loading screens and hello to instant action.</p></li>
	<li><p data-start=""..."" data-end=""...""><strong>Vibrant 144Hz Display</strong><br />The 15.6-inch Full HD (1920x1080) IPS display offers crisp, clear visuals. Its 144Hz refresh rate ensures smooth, tear-free gameplay. Gain a competitive edge with responsive and fluid on-screen action. Every detail is sharp and vibrant. Enjoy an incredibly immersive viewing experience.</p></li>
	<li><p data-start=""..."" data-end=""...""><strong>Advanced Connectivity</strong><br />Stay connected with Wi-Fi 6 (802.11ax) for high-speed wireless internet. Bluetooth 5.1 enables seamless peripheral connections. A Gigabit Ethernet port provides stable wired network access. These options ensure reliable and fast communication. Connect to your network and devices effortlessly.</p></li>
	<li><p data-start=""..."" data-end=""...""><strong>Enhanced Audio & Visuals</strong><br />Dual speakers deliver immersive sound for gaming and entertainment. The FHD 1080p webcam ensures clear video calls and streaming. A built-in microphone captures your voice with clarity. Enjoy crystal-clear communication and rich audio. This combination creates a complete multimedia experience.</p></li>
	<li><p data-start=""..."" data-end=""...""><strong>Comfortable Gaming Keyboard</strong><br />The white backlit keyboard allows for comfortable typing and gaming in low-light conditions. Its responsive keys provide a satisfying tactile experience. This feature enhances both productivity and gaming comfort. Type with precision and confidence, day or night.</p></li>
</ul>

<h3 data-start=""..."" data-end=""..."">Specifications</h3>
<h4><strong data-start=""..."" data-end=""..."">General</strong></h4>
<div class=""TyagGW_tableContainer"">
<div class=""group TyagGW_tableWrapper flex w-fit flex-col-reverse"">
<table class=""w-fit min-w-(--thread-content-width)"" data-start=""..."" data-end=""..."">
<thead>
<tr>
<th data-start=""..."" data-end=""..."" data-col-size=""sm""><strong data-start=""..."" data-end=""..."">Feature</strong></th>
<th data-start=""..."" data-end=""..."" data-col-size=""sm""><strong data-start=""..."" data-end=""..."">Specification</strong></th>
</tr>
</thead>
<tbody>
<tr>
<td data-start=""..."" data-end=""..."" data-col-size=""sm"">Processor</td>
<td data-start=""..."" data-end=""..."" data-col-size=""sm"">Intel Core i7 13620H</td>
</tr>
<tr>
<td data-start=""..."" data-end=""..."" data-col-size=""sm"">RAM</td>
<td data-start=""..."" data-end=""..."" data-col-size=""sm"">16GB DDR5 5600MHz</td>
</tr>
<tr>
<td data-start=""..."" data-end=""..."" data-col-size=""sm"">Storage</td>
<td data-start=""..."" data-end=""..."" data-col-size=""sm"">512GB M.2 PCIe NVMe SSD</td>
</tr>
<tr>
<td data-start=""..."" data-end=""..."" data-col-size=""sm"">Graphics</td>
<td data-start=""..."" data-end=""..."" data-col-size=""sm"">NVIDIA GeForce RTX 4060 8GB GDDR6</td>
</tr>
<tr>
<td data-start=""..."" data-end=""..."" data-col-size=""sm"">Display</td>
<td data-start=""..."" data-end=""..."" data-col-size=""sm"">15.6"" FHD (1920x1080) 144Hz</td>
</tr>
<tr>
<td data-start=""..."" data-end=""..."" data-col-size=""sm"">Operating System</td>
<td data-start=""..."" data-end=""..."" data-col-size=""sm"">Windows 11 Home</td>
</tr>
<tr>
<td data-start=""..."" data-end=""..."" data-col-size=""sm"">Wireless Connectivity</td>
<td data-start=""..."" data-end=""..."" data-col-size=""sm"">Wi-Fi 6 802.11ax, Bluetooth 5.1</td>
</tr>
<tr>
<td data-start=""..."" data-end=""..."" data-col-size=""sm"">Webcam</td>
<td data-start=""..."" data-end=""..."" data-col-size=""sm"">FHD 1080p</td>
</tr>
<tr>
<td data-start=""..."" data-end=""..."" data-col-size=""sm"">Keyboard</td>
<td data-start=""..."" data-end=""..."" data-col-size=""sm"">White Backlit</td>
</tr>
<tr>
<td data-start=""..."" data-end=""..."" data-col-size=""sm"">Color</td>
<td data-start=""..."" data-end=""..."" data-col-size=""sm"">Obsidian Black</td>
</tr>
<tr>
<td data-start=""..."" data-end=""..."" data-col-size=""sm"">Warranty</td>
<td data-start=""..."" data-end=""..."" data-col-size=""sm"">1 Year from Seller</td>
</tr>
</tbody>
</table>
</div>
</div>

<h3 data-start=""..."" data-end=""..."">Connectivity & Design</h3>
<ul>
	<li><p data-start=""..."" data-end=""..."">Connectivity options are extensive. Three USB 3.2 Gen 1 Type-A ports offer versatile peripheral support. A single USB 3.2 Gen 2 Type-C port provides modern, high-speed connectivity. Connect to external displays via the HDMI port. These ports ensure you have all the necessary connections.</p></li>
	<li><p data-start=""..."" data-end=""..."">The laptop also includes a Gigabit Ethernet port for reliable wired networking. A headphone/microphone combo jack simplifies audio connections. The Kensington lock slot provides physical security for your device. This comprehensive port selection enhances usability.</p></li>
	<li><p data-start=""..."" data-end=""..."">The Obsidian Black chassis presents a sleek and professional look. It maintains a gamer aesthetic without being overly flashy. This design ensures it fits into any environment. Its robust build quality promises durability. The laptop is both stylish and functional.</p></li>
</ul>

<h3 data-start=""..."" data-end=""..."">What’s in the Box</h3>
<ul>
	<li><p data-start=""..."" data-end=""..."">Acer Nitro V 15 ANV15-51-789J Gaming Laptop</p></li>
	<li><p data-start=""..."" data-end=""..."">Power Adapter</p></li>
	<li><p data-start=""..."" data-end=""..."">User Manual and Documentation</p></li>
</ul>

<h3 data-start=""..."" data-end=""..."">Why Choose Acer Nitro V 15 ANV15-51-789J</h3>
<ul>
	<li><p data-start=""..."" data-end=""..."">Experience top-tier gaming performance with a powerful Intel Core i7 processor and NVIDIA RTX 4060 graphics. This combination handles the latest games effortlessly.</p></li>
	<li><p data-start=""..."" data-end=""..."">Enjoy ultra-smooth visuals on the 15.6"" FHD 144Hz display, perfect for competitive gaming. Gain a significant advantage over your opponents.</p></li>
	<li><p data-start=""..."" data-end=""..."">Benefit from rapid load times and seamless multitasking thanks to 16GB DDR5 RAM and a 512GB NVMe SSD. Work and play without delays.</p></li>
	<li><p data-start=""..."" data-end=""..."">Stay connected with advanced Wi-Fi 6 and a comprehensive selection of ports for all your peripherals. Connectivity is always reliable.</p></li>
	<li><p data-start=""..."" data-end=""..."">A reliable 1-year seller warranty provides peace of mind for your investment. Purchase with confidence knowing you are covered.</p></li>
</ul>",,,taxable,,1,,0,0,,,,,1,,,130000,Computing > Laptops,Acer | Nitro V 15 | ANV15-51-789J | Gaming Laptop | Intel Core i7 | i7-13620H | 13th Gen | NVIDIA GeForce RTX 4060 | RTX 4060 | 8GB GDDR6 | 16GB DDR5 RAM | 5600MHz RAM | 512GB NVMe SSD | PCIe SSD | Windows 11 Home | 15.6 inch | FHD 144Hz | Wi-Fi 6 | Bluetooth 5.1 | White Backlit Keyboard | Obsidian Black,,,,,,,,,,,0,Processor,Intel Core i7 13620H,1,0,RAM,16GB DDR5 5600MHz,1,0,Storage,512GB M.2 PCIe NVMe SSD,1,0,Acer Nitro V 15 Gaming Laptop,"Unleash gaming power with the Acer Nitro V 15 ANV15-51-789J. Features Intel Core i7-13620H, RTX 4060, 16GB DDR5 RAM, 512GB SSD, and a 15.6"" FHD 144Hz display. Priced at 130000.0.","Acer Nitro V 15 ANV15-51-789J Gaming Laptop (i7-13620H, RTX 4060, 16GB RAM, 512GB SSD)","Acer Nitro V 15 ANV15-51-789J Gaming Laptop (i7-13620H, RTX 4060, 16GB RAM, 512GB SSD) - Product Image","High-quality image of Acer Nitro V 15 ANV15-51-789J Gaming Laptop (i7-13620H, RTX 4060, 16GB RAM, 512GB SSD) showing design and features"
simple,9R640UA,HP OMEN 16-wd0073dx Gaming Laptop,1,0,visible,"<h3 data-start=""..."" data-end=""..."">HP OMEN 16-wd0073dx Gaming Laptop</h3>
<table>
<thead>
<tr>
<th>Feature</th>
<th>Specification</th>
</tr>
</thead>
<tbody>
<tr>
<td>Processor</td>
<td>Intel Core i7 13620H</td>
</tr>
<tr>
<td>Graphics</td>
<td>NVIDIA GeForce RTX 4060 8GB GDDR6</td>
</tr>
<tr>
<td>RAM</td>
<td>16GB DDR5 5200 MHz</td>
</tr>
<tr>
<td>Storage</td>
<td>1TB PCIe Gen4 NVMe M.2 SSD</td>
</tr>
<tr>
<td>Display</td>
<td>16.1"" FHD (1920 x 1080) 165Hz</td>
</tr>
<tr>
<td>Operating System</td>
<td>Windows 11 Home</td>
</tr>
<tr>
<td>Keyboard</td>
<td>4-Zone RGB Backlit</td>
</tr>
<tr>
<td>Audio</td>
<td>Bang & Olufsen Dual Speakers</td>
</tr>
<tr>
<td>Wireless</td>
<td>Wi-Fi 6E, Bluetooth 5.3</td>
</tr>
</tbody>
</table>","<h2 data-start=""..."" data-end=""..."">HP OMEN 16-wd0073dx Gaming Laptop</h2>
<p data-start=""..."" data-end=""..."">Unleash powerful gaming with the HP OMEN 16-wd0073dx Gaming Laptop. This machine is engineered for victory. It features a robust Intel Core i7 processor and NVIDIA GeForce RTX 4060 graphics. Experience stunning visuals on its 16.1-inch FHD 165Hz display. Enjoy lightning-fast load times thanks to the 1TB PCIe Gen4 NVMe SSD. The OMEN 16 provides an immersive gaming experience. It is perfect for competitive players and content creators alike.</p>

<h3 data-start=""..."" data-end=""..."">Key Features</h3>
<ul>
	<li><p data-start=""..."" data-end=""...""><strong>Dominant Performance</strong><br />The HP OMEN 16-wd0073dx boasts an Intel Core i7 13620H processor. This powerful CPU handles demanding games and intensive multitasking with ease. It ensures smooth and responsive performance. You can game, stream, and create without compromise. The advanced architecture delivers exceptional speed for all your tasks.</p></li>
	<li><p data-start=""..."" data-end=""...""><strong>Next-Gen Graphics</strong><br />Equipped with NVIDIA GeForce RTX 4060 graphics (8GB GDDR6), this laptop renders incredible visuals. Enjoy realistic ray tracing and AI-powered DLSS. These technologies provide a stunning and immersive gaming world. Experience higher frame rates and superior image quality in your favorite titles. Every scene comes to life with breathtaking detail.</p></li>
	<li><p data-start=""..."" data-end=""...""><strong>Blazing-Fast Storage & Memory</strong><br />Benefit from 16GB of high-speed DDR5 5200 RAM. Multitask seamlessly and load applications quickly. A massive 1TB PCIe Gen4 NVMe M.2 SSD offers ample space. It also ensures ultra-fast boot times and rapid game loading. Say goodbye to long waiting periods and hello to instant action.</p></li>
	<li><p data-start=""..."" data-end=""...""><strong>Immersive Visuals</strong><br />Dive into your games on the vibrant 16.1-inch Full HD display. A rapid 165Hz refresh rate ensures fluid, tear-free gameplay. Experience every detail with crisp clarity. The high refresh rate gives you a competitive edge. It makes fast-paced action incredibly smooth and responsive. Enjoy stunning visuals during every session.</p></li>
	<li><p data-start=""..."" data-end=""...""><strong>Advanced Connectivity</strong><br />Stay connected with Wi-Fi 6E (2x2) and Bluetooth 5.3. Enjoy incredibly fast wireless speeds and stable connections. This ensures lag-free online gaming and quick data transfers. A comprehensive array of ports also supports all your peripherals. Connect everything you need effortlessly for a complete setup.</p></li>
	<li><p data-start=""..."" data-end=""...""><strong>Premium Audio & Keyboard</strong><br />Audio by Bang & Olufsen delivers rich, clear sound through dual speakers. The 4-Zone RGB Backlit Keyboard allows for personalized lighting. Type comfortably and game in style. This enhances your overall gaming and user experience. The keyboard provides tactile feedback for precise control.</p></li>
</ul>

<h3 data-start=""..."" data-end=""..."">Specifications</h3>
<h4><strong data-start=""..."" data-end=""..."">General</strong></h4>
<div class=""TyagGW_tableContainer"">
<div class=""group TyagGW_tableWrapper flex w-fit flex-col-reverse"">
<table class=""w-fit min-w-(--thread-content-width)"" data-start=""..."" data-end=""..."">
<thead>
<tr>
<th data-start=""..."" data-end=""..."" data-col-size=""sm""><strong data-start=""..."" data-end=""..."">Feature</strong></th>
<th data-start=""..."" data-end=""..."" data-col-size=""sm""><strong data-start=""..."" data-end=""..."">Specification</strong></th>
</tr>
</thead>
<tbody>
<tr>
<td data-start=""..."" data-end=""..."" data-col-size=""sm"">Model Number</td>
<td data-start=""..."" data-end=""..."" data-col-size=""sm"">9R640UA</td>
</tr>
<tr>
<td data-start=""..."" data-end=""..."" data-col-size=""sm"">Processor</td>
<td data-start=""..."" data-end=""..."" data-col-size=""sm"">Intel Core i7 13620H</td>
</tr>
<tr>
<td data-start=""..."" data-end=""..."" data-col-size=""sm"">RAM</td>
<td data-start=""..."" data-end=""..."" data-col-size=""sm"">16GB DDR5 5200 MHz</td>
</tr>
<tr>
<td data-start=""..."" data-end=""..."" data-col-size=""sm"">Storage</td>
<td data-start=""..."" data-end=""..."" data-col-size=""sm"">1TB PCIe Gen4 NVMe M.2 SSD</td>
</tr>
<tr>
<td data-start=""..."" data-end=""..."" data-col-size=""sm"">Graphics</td>
<td data-start=""..."" data-end=""..."" data-col-size=""sm"">NVIDIA GeForce RTX 4060 8GB GDDR6</td>
</tr>
<tr>
<td data-start=""..."" data-end=""..."" data-col-size=""sm"">Operating System</td>
<td data-start=""..."" data-end=""..."" data-col-size=""sm"">Windows 11 Home</td>
</tr>
<tr>
<td data-start=""..."" data-end=""..."" data-col-size=""sm"">Display</td>
<td data-start=""..."" data-end=""..."" data-col-size=""sm"">16.1"" FHD (1920 x 1080) 165Hz</td>
</tr>
<tr>
<td data-start=""..."" data-end=""..."" data-col-size=""sm"">Optical Drive</td>
<td data-start=""..."" data-end=""..."" data-col-size=""sm"">No ODD</td>
</tr>
<tr>
<td data-start=""..."" data-end=""..."" data-col-size=""sm"">Wireless</td>
<td data-start=""..."" data-end=""..."" data-col-size=""sm"">Wi-Fi 6E (2x2) and Bluetooth 5.3</td>
</tr>
<tr>
<td data-start=""..."" data-end=""..."" data-col-size=""sm"">Webcam</td>
<td data-start=""..."" data-end=""..."" data-col-size=""sm"">HP True Vision 1080p FHD camera</td>
</tr>
<tr>
<td data-start=""..."" data-end=""..."" data-col-size=""sm"">Audio</td>
<td data-start=""..."" data-end=""..."" data-col-size=""sm"">Bang & Olufsen, Dual Speakers</td>
</tr>
<tr>
<td data-start=""..."" data-end=""..."" data-col-size=""sm"">Keyboard</td>
<td data-start=""..."" data-end=""..."" data-col-size=""sm"">4-Zone RGB Backlit Keyboard (No Numeric Keypad)</td>
</tr>
<tr>
<td data-start=""..."" data-end=""..."" data-col-size=""sm"">Color</td>
<td data-start=""..."" data-end=""..."" data-col-size=""sm"">Shadow Black</td>
</tr>
<tr>
<td data-start=""..."" data-end=""..."" data-col-size=""sm"">Warranty</td>
<td data-start=""..."" data-end=""..."" data-col-size=""sm"">1 Year Seller Warranty</td>
</tr>
</tbody>
</table>
</div>
</div>

<h3 data-start=""..."" data-end=""..."">Connectivity & Multimedia</h3>
<ul>
	<li><p data-start=""..."" data-end=""..."">Connect all your essential devices with ease. This laptop features one USB Type-C 5Gbps signaling rate port. It supports USB Power Delivery, DisplayPort 1.4, and HP Sleep and Charge. You also get one USB Type-A 5Gbps signaling rate port with HP Sleep and Charge. Additionally, two standard USB Type-A 5Gbps signaling rate ports are available. An RJ-45 Ethernet port ensures wired network stability. A headphone/microphone combo jack handles your audio needs. The AC Smart pin provides power. An HDMI 2.1 port allows external display connections. The HP True Vision 1080p FHD camera offers clear video calls. It includes temporal noise reduction for improved image quality. Integrated dual array digital microphones capture your voice clearly. Enjoy superior communication and expand your setup.</p></li>
</ul>

<h3 data-start=""..."" data-end=""..."">What’s in the Box</h3>
<ul>
	<li><p data-start=""..."" data-end=""..."">HP OMEN 16-wd0073dx Gaming Laptop</p></li>
	<li><p data-start=""..."" data-end=""..."">Power Adapter</p></li>
	<li><p data-start=""..."" data-end=""..."">Documentation</p></li>
</ul>

<h3 data-start=""..."" data-end=""..."">Why Choose HP OMEN 16-wd0073dx Gaming Laptop</h3>
<ul>
	<li><p data-start=""..."" data-end=""..."">Experience elite gaming performance with a powerful Intel Core i7 and RTX 4060 GPU.</p></li>
	<li><p data-start=""..."" data-end=""..."">Enjoy ultra-responsive gameplay on the 16.1"" FHD 165Hz display, ensuring smooth visuals.</p></li>
	<li><p data-start=""..."" data-end=""..."">Benefit from rapid load times and ample storage with the 1TB NVMe SSD for all your games.</p></li>
	<li><p data-start=""..."" data-end=""..."">Immerse yourself in rich audio by Bang & Olufsen and a customizable 4-Zone RGB keyboard.</p></li>
	<li><p data-start=""..."" data-end=""..."">Stay ahead with advanced Wi-Fi 6E connectivity and versatile port options for all peripherals.</p></li>
</ul>",,,taxable,,1,,0,0,,,,,1,,,150000,Computing > Laptops > HP Laptops,HP | OMEN | Gaming Laptop | 16-wd0073dx | Intel Core i7 | RTX 4060 | 16GB DDR5 | 1TB SSD | 16.1 inch | FHD 165Hz | Windows 11 Home | 9R640UA | Shadow Black | Wi-Fi 6E | Bang & Olufsen,,,,,,,,,,,0,Processor,Intel Core i7 13620H,1,0,RAM,16GB DDR5 5200 MHz,1,0,Storage,1TB PCIe Gen4 NVMe M.2 SSD,1,0,HP OMEN 16 Gaming Laptop,"Unleash gaming power with the HP OMEN 16-wd0073dx. Features Intel Core i7, RTX 4060, 16GB DDR5 RAM, 1TB SSD, and a 16.1"" FHD 165Hz display. Price: 150000.0.",HP OMEN 16-wd0073dx Gaming Laptop,HP OMEN 16-wd0073dx Gaming Laptop - Product Image,High-quality image of HP OMEN 16-wd0073dx Gaming Laptop showing design and features
simple,B73TCEA,HP All-in-One 24-cr0310nh PC,1,0,visible,"<h3 data-start=""..."" data-end=""..."">HP All-in-One 24-cr0310nh PC</h3>
<table>
<thead>
<tr>
<th></th>
<th></th>
</tr>
</thead>
<tbody>
<tr>
<td>Processor</td>
<td>Intel Core i5 1334U</td>
</tr>
<tr>
<td>RAM</td>
<td>8GB DDR4 3200</td>
</tr>
<tr>
<td>Storage</td>
<td>512GB PCIe NVMe M.2 SSD</td>
</tr>
<tr>
<td>Display</td>
<td>23.8"" FHD</td>
</tr>
<tr>
<td>Operating System</td>
<td>FreeDOS</td>
</tr>
<tr>
<td>Connectivity</td>
<td>Wi-Fi 6, Bluetooth 5.3</td>
</tr>
<tr>
<td>Peripherals</td>
<td>Wired Keyboard & Mouse</td>
</tr>
<tr>
<td>Price</td>
<td>KSh 80,000.0</td>
</tr>
</tbody>
</table>","<h2 data-start=""..."" data-end=""..."">HP All-in-One 24-cr0310nh PC</h2>
<p data-start=""..."" data-end=""..."">Experience seamless computing with the HP All-in-One 24-cr0310nh PC. This powerful desktop solution integrates all essential components into a single, sleek design. It features an Intel Core i5 1334U processor, delivering reliable performance for daily tasks. Enjoy crisp visuals on its 23.8-inch Full HD display. A generous 512GB PCIe NVMe M.2 SSD provides rapid storage and quick boot times. This All-in-One PC also includes 8GB of DDR4 3200 RAM, ensuring smooth multitasking. It comes equipped with FreeDOS, offering flexibility for your preferred operating system installation. The HP All-in-One 24-cr0310nh is perfect for both home and office environments, combining power, elegance, and convenience in one package.</p>

<h3 data-start=""..."" data-end=""..."">Key Features</h3>
<ul>
	<li><p data-start=""..."" data-end=""...""><strong>Powerful Intel Core i5 Processor</strong><br />The HP All-in-One PC is driven by an Intel Core i5 1334U processor. This modern CPU handles your computing needs efficiently. It provides excellent performance for browsing, document editing, and multimedia consumption. Enjoy responsive operation and quick application launches every time.</p></li>
	<li><p data-start=""..."" data-end=""...""><strong>Vibrant 23.8-inch Full HD Display</strong><br />Immerse yourself in stunning visuals on the 23.8-inch Full HD display. This screen offers clear, vibrant images with excellent detail. It is perfect for watching movies, viewing photos, or working on creative projects. The large display enhances your productivity and entertainment experiences.</p></li>
	<li><p data-start=""..."" data-end=""...""><strong>Speedy SSD Storage & RAM</strong><br />Benefit from lightning-fast data access with the 512GB PCIe NVMe M.2 SSD. This solid-state drive drastically reduces load times for applications and your operating system. Coupled with 8GB of DDR4 3200 RAM, the system ensures smooth multitasking. You can run multiple programs simultaneously without slowdowns.</p></li>
	<li><p data-start=""..."" data-end=""...""><strong>Integrated Wi-Fi 6 & Bluetooth 5.3</strong><br />Stay connected with the Realtek Wi-Fi 6 (1x1) and Bluetooth 5.3 wireless card. Wi-Fi 6 delivers faster and more reliable internet connections. Bluetooth 5.3 enables seamless pairing with your favorite wireless accessories. Enjoy stable and high-speed wireless connectivity for all your devices.</p></li>
	<li><p data-start=""..."" data-end=""...""><strong>HP True Vision HD Privacy Camera</strong><br />Conduct clear video calls with the HP True Vision 720p HD tilt privacy camera. This camera features temporal noise reduction for improved image quality. Integrated dual array digital microphones ensure your voice is heard clearly. The privacy feature adds an extra layer of security and peace of mind.</p></li>
	<li><p data-start=""..."" data-end=""...""><strong>Comprehensive Connectivity Options</strong><br />This PC offers a variety of ports for all your peripherals. It includes one USB Type-C 5Gbps signaling rate port. You also get two USB Type-A 5Gbps signaling rate ports and two USB 2.0 Type-A ports. An HDMI-out 1.4 port allows for external display connections. Plus, there's a headphone/microphone combo jack and an RJ-45 Ethernet port for reliable wired networking.</p></li>
</ul>

<h3 data-start=""..."" data-end=""..."">Specifications</h3>
<h4><strong data-start=""..."" data-end=""..."">General</strong></h4>
<div class=""TyagGW_tableContainer"">
<div class=""group TyagGW_tableWrapper flex w-fit flex-col-reverse"">
<table class=""w-fit min-w-(--thread-content-width)"" data-start=""..."" data-end=""..."">
<thead>
<tr>
<th data-start=""..."" data-end=""..."" data-col-size=""sm""><strong data-start=""..."" data-end=""..."">Feature</strong></th>
<th data-start=""..."" data-end=""..."" data-col-size=""sm""><strong data-start=""..."" data-end=""..."">Specification</strong></th>
</tr>
</thead>
<tbody>
<tr>
<td data-start=""..."" data-end=""..."" data-col-size=""sm"">Model</td>
<td data-start=""..."" data-end=""..."" data-col-size=""sm"">HP All-in-One 24-cr0310nh PC</td>
</tr>
<tr>
<td data-start=""..."" data-end=""..."" data-col-size=""sm"">Processor</td>
<td data-start=""..."" data-end=""..."" data-col-size=""sm"">Intel Core i5 1334U</td>
</tr>
<tr>
<td data-start=""..."" data-end=""..."" data-col-size=""sm"">RAM</td>
<td data-start=""..."" data-end=""..."" data-col-size=""sm"">8GB DDR4 3200</td>
</tr>
<tr>
<td data-start=""..."" data-end=""..."" data-col-size=""sm"">Storage</td>
<td data-start=""..."" data-end=""..."" data-col-size=""sm"">512GB PCIe NVMe M.2 SSD</td>
</tr>
<tr>
<td data-start=""..."" data-end=""..."" data-col-size=""sm"">Operating System</td>
<td data-start=""..."" data-end=""..."" data-col-size=""sm"">FreeDOS</td>
</tr>
<tr>
<td data-start=""..."" data-end=""..."" data-col-size=""sm"">Display</td>
<td data-start=""..."" data-end=""..."" data-col-size=""sm"">23.8"" FHD</td>
</tr>
<tr>
<td data-start=""..."" data-end=""..."" data-col-size=""sm"">Optical Drive</td>
<td data-start=""..."" data-end=""..."" data-col-size=""sm"">No ODD</td>
</tr>
<tr>
<td data-start=""..."" data-end=""..."" data-col-size=""sm"">Wireless Connectivity</td>
<td data-start=""..."" data-end=""..."" data-col-size=""sm"">Realtek Wi-Fi 6 (1x1) and Bluetooth 5.3</td>
</tr>
<tr>
<td data-start=""..."" data-end=""..."" data-col-size=""sm"">Camera</td>
<td data-start=""..."" data-end=""..."" data-col-size=""sm"">HP True Vision 720p HD tilt privacy camera</td>
</tr>
<tr>
<td data-start=""..."" data-end=""..."" data-col-size=""sm"">Audio</td>
<td data-start=""..."" data-end=""..."" data-col-size=""sm"">Dual 2W Speakers</td>
</tr>
<tr>
<td data-start=""..."" data-end=""..."" data-col-size=""sm"">Keyboard & Mouse</td>
<td data-start=""..."" data-end=""..."" data-col-size=""sm"">HP 125 Black Wired Keyboard and Mouse Combo</td>
</tr>
<tr>
<td data-start=""..."" data-end=""..."" data-col-size=""sm"">Color</td>
<td data-start=""..."" data-end=""..."" data-col-size=""sm"">Black</td>
</tr>
<tr>
<td data-start=""..."" data-end=""..."" data-col-size=""sm"">Warranty</td>
<td data-start=""..."" data-end=""..."" data-col-size=""sm"">1 Year Warranty from Seller</td>
</tr>
</tbody>
</table>
</div>
</div>

<h3 data-start=""..."" data-end=""..."">Rear Ports</h3>
<ul>
	<li><p data-start=""..."" data-end=""..."">One USB Type-C 5Gbps signaling rate port for fast data transfer.</p></li>
	<li><p data-start=""..."" data-end=""..."">Two USB Type-A 5Gbps signaling rate ports for modern peripherals.</p></li>
	<li><p data-start=""..."" data-end=""..."">Two USB 2.0 Type-A ports for standard device connections.</p></li>
	<li><p data-start=""..."" data-end=""..."">One headphone/microphone combo jack for audio needs.</p></li>
	<li><p data-start=""..."" data-end=""..."">One RJ-45 Ethernet port for stable wired network access.</p></li>
	<li><p data-start=""..."" data-end=""..."">One HDMI-out 1.4 port to connect an external monitor or projector.</p></li>
</ul>

<h3 data-start=""..."" data-end=""..."">What’s in the Box</h3>
<ul>
	<li><p data-start=""..."" data-end=""..."">HP All-in-One 24-cr0310nh PC</p></li>
	<li><p data-start=""..."" data-end=""..."">HP 125 Black Wired Keyboard</p></li>
	<li><p data-start=""..."" data-end=""..."">HP 125 Black Wired Mouse</p></li>
	<li><p data-start=""..."" data-end=""..."">Power Adapter</p></li>
</ul>

<h3 data-start=""..."" data-end=""..."">Why Choose the HP All-in-One 24-cr0310nh PC</h3>
<ul>
	<li><p data-start=""..."" data-end=""...""><strong>Space-Saving Design</strong><br />Its integrated design saves valuable desk space. All components are neatly tucked behind the display. This creates a clean and organized workspace. It is ideal for small offices or minimalist setups.</p></li>
	<li><p data-start=""..."" data-end=""...""><strong>Ready for Productivity</strong><br />With a powerful i5 processor and ample RAM, this PC is built for productivity. Tackle daily tasks, online meetings, and creative projects with ease. The fast SSD ensures you spend less time waiting and more time doing.</p></li>
	<li><p data-start=""..."" data-end=""...""><strong>Enhanced Multimedia Experience</strong><br />The Full HD display and dual 2W speakers provide an excellent multimedia experience. Enjoy clear audio and crisp visuals for movies, music, and video calls. It transforms your entertainment instantly.</p></li>
	<li><p data-start=""..."" data-end=""...""><strong>Reliable HP Quality</strong><br />Trust in the renowned quality and reliability of HP products. This All-in-One PC is designed for durability and consistent performance. It comes with a 1-year seller warranty for added assurance.</p></li>
</ul>",,,taxable,,1,,0,0,,,,,1,,,80000,Computing > Desktop Computers > HP Desktops,HP All-in-One PC | HP 24-cr0310nh | Intel Core i5 | 13th Gen Intel | 8GB DDR4 RAM | 512GB SSD | 23.8 inch FHD | FreeDOS PC | All-in-One Desktop | Wi-Fi 6 | Bluetooth 5.3 | HP Desktop | Business PC | Home PC,,,,,,,,,,,0,Processor,Intel Core i5 1334U,1,0,RAM,8GB DDR4 3200,1,0,Storage,512GB PCIe NVMe M.2 SSD,1,0,HP All-in-One PC,"Discover the HP All-in-One 24-cr0310nh PC. Featuring an Intel Core i5, 8GB RAM, 512GB SSD, and a 23.8"" FHD display. Perfect for home or office. Price: KSh 80,000.0.",HP All-in-One 24-cr0310nh PC,HP All-in-One 24-cr0310nh PC - Product Image,High-quality image of HP All-in-One 24-cr0310nh PC showing design and features
simple,B73TBEA,"HP All-in-One 24-cr0309nh PC (Intel Core i5 1334U, 8GB RAM, 512GB SSD)",1,0,visible,"<h3 data-start=""..."" data-end=""..."">HP All-in-One 24-cr0309nh PC</h3>
<table>
<thead>
<tr>
<th></th>
<th></th>
</tr>
</thead>
<tbody>
<tr>
<td>Processor</td>
<td>Intel Core i5 1334U</td>
</tr>
<tr>
<td>RAM</td>
<td>8GB DDR4 3200</td>
</tr>
<tr>
<td>Storage</td>
<td>512GB PCIe NVMe M.2 SSD</td>
</tr>
<tr>
<td>Display</td>
<td>23.8"" FHD</td>
</tr>
<tr>
<td>Operating System</td>
<td>FreeDOS</td>
</tr>
<tr>
<td>Connectivity</td>
<td>Wi-Fi 6, Bluetooth 5.3</td>
</tr>
<tr>
<td>Includes</td>
<td>Wired Keyboard & Mouse</td>
</tr>
<tr>
<td>Warranty</td>
<td>1 Year from Seller</td>
</tr>
</tbody>
</table>","<h2 data-start=""..."" data-end=""..."">HP All-in-One 24-cr0309nh PC</h2>
<p data-start=""..."" data-end=""..."">Discover the HP All-in-One 24-cr0309nh PC. This powerful desktop solution combines performance and elegance. It features a robust Intel Core i5 1334U processor. You also get 8GB of speedy DDR4 RAM. A spacious 512GB PCIe NVMe M.2 SSD provides ample storage. This PC is perfect for both work and entertainment. Its integrated design saves valuable desk space. Enjoy a clutter-free and efficient computing experience.</p>

<h3 data-start=""..."" data-end=""..."">Key Features</h3>
<ul>
	<li><p data-start=""..."" data-end=""...""><strong>Optimized Performance</strong><br />The HP All-in-One PC is powered by an Intel Core i5 1334U processor. This 13th generation CPU ensures smooth multitasking. You can handle demanding applications with ease. Coupled with 8GB of DDR4 3200 RAM, it delivers responsive performance. Enjoy faster boot times and seamless application loading. Your productivity will significantly increase.</p></li>
	<li><p data-start=""..."" data-end=""...""><strong>Expansive Storage & Speed</strong><br />Store all your important files and programs on the 512GB PCIe NVMe M.2 SSD. This solid-state drive offers lightning-fast data access. It dramatically reduces load times for games and applications. Experience quick file transfers. Benefit from enhanced overall system responsiveness. Your digital life stays organized and accessible.</p></li>
	<li><p data-start=""..."" data-end=""...""><strong>Vibrant Full HD Display</strong><br />Immerse yourself in stunning visuals on the 23.8-inch Full HD display. This screen delivers crisp details and vibrant colors. It is perfect for watching movies, browsing photos, or working on creative projects. The large display enhances your viewing comfort. Enjoy clear images from various angles. This display makes every task more enjoyable.</p></li>
	<li><p data-start=""..."" data-end=""...""><strong>Integrated Connectivity & Communication</strong><br />Stay connected with Realtek Wi-Fi 6 (1x1) and Bluetooth 5.3. Enjoy fast and stable wireless connections. The HP True Vision 720p HD tilt privacy camera ensures clear video calls. It includes temporal noise reduction for better image quality. Integrated dual array digital microphones capture your voice clearly. Dual 2W speakers provide rich audio. This AIO is ready for all your communication needs.</p></li>
	<li><p data-start=""..."" data-end=""...""><strong>Comprehensive Port Selection</strong><br />Connect all your peripherals with ease. The rear ports include one USB Type-C 5Gbps signaling rate. You also get two USB Type-A 5Gbps signaling rate ports. Two additional USB 2.0 Type-A ports are available. A headphone/microphone combo jack offers audio flexibility. The RJ-45 port provides reliable wired network access. An HDMI-out 1.4 port allows for external display connections.</p></li>
	<li><p data-start=""..."" data-end=""...""><strong>Ready-to-Use Peripherals</strong><br />This HP All-in-One PC comes complete with essential accessories. It includes an HP 125 White Wired Keyboard and Mouse Combo. These peripherals offer reliable and comfortable input. You can start working or playing right out of the box. The sleek white design complements the PC beautifully. Enjoy a cohesive and functional setup instantly.</p></li>
</ul>

<h3 data-start=""..."" data-end=""..."">Specifications</h3>
<h4><strong data-start=""..."" data-end=""..."">General</strong></h4>
<div class=""TyagGW_tableContainer"">
<div class=""group TyagGW_tableWrapper flex w-fit flex-col-reverse"">
<table class=""w-fit min-w-(--thread-content-width)"" data-start=""..."" data-end=""..."">
<thead>
<tr>
<th data-start=""..."" data-end=""..."" data-col-size=""sm""><strong data-start=""..."" data-end=""..."">Feature</strong></th>
<th data-start=""..."" data-end=""..."" data-col-size=""sm""><strong data-start=""..."" data-end=""..."">Specification</strong></th>
</tr>
</thead>
<tbody>
<tr>
<td data-start=""..."" data-end=""..."" data-col-size=""sm"">Model No.</td>
<td data-start=""..."" data-end=""..."" data-col-size=""sm"">B73TBEA (24-cr0309nh)</td>
</tr>
<tr>
<td data-start=""..."" data-end=""..."" data-col-size=""sm"">Processor</td>
<td data-start=""..."" data-end=""..."" data-col-size=""sm"">Intel Core i5 1334U</td>
</tr>
<tr>
<td data-start=""..."" data-end=""..."" data-col-size=""sm"">RAM</td>
<td data-start=""..."" data-end=""..."" data-col-size=""sm"">8GB DDR4 3200 MHz</td>
</tr>
<tr>
<td data-start=""..."" data-end=""..."" data-col-size=""sm"">Storage</td>
<td data-start=""..."" data-end=""..."" data-col-size=""sm"">512GB PCIe NVMe M.2 SSD</td>
</tr>
<tr>
<td data-start=""..."" data-end=""..."" data-col-size=""sm"">Operating System</td>
<td data-start=""..."" data-end=""..."" data-col-size=""sm"">FreeDOS</td>
</tr>
<tr>
<td data-start=""..."" data-end=""..."" data-col-size=""sm"">Display Size</td>
<td data-start=""..."" data-end=""..."" data-col-size=""sm"">23.8-inch</td>
</tr>
<tr>
<td data-start=""..."" data-end=""..."" data-col-size=""sm"">Display Resolution</td>
<td data-start=""..."" data-end=""..."" data-col-size=""sm"">FHD (Full High Definition)</td>
</tr>
<tr>
<td data-start=""..."" data-end=""..."" data-col-size=""sm"">Optical Drive</td>
<td data-start=""..."" data-end=""..."" data-col-size=""sm"">No ODD (Optical Disc Drive)</td>
</tr>
<tr>
<td data-start=""..."" data-end=""..."" data-col-size=""sm"">Wireless Connectivity</td>
<td data-start=""..."" data-end=""..."" data-col-size=""sm"">Realtek Wi-Fi 6 (1x1) and Bluetooth 5.3</td>
</tr>
<tr>
<td data-start=""..."" data-end=""..."" data-col-size=""sm"">Camera</td>
<td data-start=""..."" data-end=""..."" data-col-size=""sm"">HP True Vision 720p HD tilt privacy camera</td>
</tr>
<tr>
<td data-start=""..."" data-end=""..."" data-col-size=""sm"">Audio</td>
<td data-start=""..."" data-end=""..."" data-col-size=""sm"">Integrated Dual 2W Speakers</td>
</tr>
<tr>
<td data-start=""..."" data-end=""..."" data-col-size=""sm"">Keyboard & Mouse</td>
<td data-start=""..."" data-end=""..."" data-col-size=""sm"">HP 125 White Wired Keyboard and Mouse Combo</td>
</tr>
<tr>
<td data-start=""..."" data-end=""..."" data-col-size=""sm"">Rear Ports</td>
<td data-start=""..."" data-end=""..."" data-col-size=""sm"">1x USB Type-C 5Gbps, 2x USB Type-A 5Gbps, 2x USB 2.0 Type-A, 1x Headphone/microphone combo, 1x RJ-45, 1x HDMI-out 1.4</td>
</tr>
<tr>
<td data-start=""..."" data-end=""..."" data-col-size=""sm"">Color</td>
<td data-start=""..."" data-end=""..."" data-col-size=""sm"">White</td>
</tr>
<tr>
<td data-start=""..."" data-end=""..."" data-col-size=""sm"">Warranty</td>
<td data-start=""..."" data-end=""..."" data-col-size=""sm"">1 Year Warranty from Seller</td>
</tr>
</tbody>
</table>
</div>
</div>

<h3 data-start=""..."" data-end=""..."">What’s in the Box</h3>
<ul>
	<li><p data-start=""..."" data-end=""..."">HP All-in-One 24-cr0309nh PC</p></li>
	<li><p data-start=""..."" data-end=""..."">HP 125 White Wired Keyboard</p></li>
	<li><p data-start=""..."" data-end=""..."">HP 125 White Wired Mouse</p></li>
</ul>

<h3 data-start=""..."" data-end=""..."">Why Choose the HP All-in-One 24-cr0309nh PC</h3>
<ul>
	<li><p data-start=""..."" data-end=""...""><strong>Space-Saving Design</strong><br />Its sleek all-in-one form factor minimizes clutter. This creates a clean and organized workspace. Enjoy more room on your desk for other essentials. The integrated design is both practical and aesthetically pleasing.</p></li>
	<li><p data-start=""..."" data-end=""...""><strong>Reliable HP Quality</strong><br />Benefit from HP's renowned reliability and build quality. This PC is engineered for consistent performance. It provides peace of mind with a 1-year seller warranty. Trust in a brand known for innovation and customer satisfaction.</p></li>
	<li><p data-start=""..."" data-end=""...""><strong>Complete Computing Solution</strong><br />This package offers everything you need to get started. From its powerful internal components to included peripherals, it's a complete system. Enjoy immediate productivity and entertainment. It's an ideal choice for home offices or family use.</p></li>
</ul>",,,taxable,,1,,0,0,,,,,1,,,80000,Computing > Desktop Computers | Computing > HP Desktops,HP | All-in-One PC | Desktop PC | Intel Core i5 | 13th Gen | 8GB DDR4 RAM | 512GB SSD | 23.8 inch | FHD Display | FreeDOS | Wi-Fi 6 | Bluetooth 5.3 | HD Camera | Wired Keyboard | Wired Mouse | B73TBEA,,,,,,,,,,,0,Brand,HP,1,0,Model Number,24-cr0309nh (B73TBEA),1,0,Processor,Intel Core i5 1334U,1,0,HP All-in-One PC,"Experience seamless computing with the HP All-in-One 24-cr0309nh PC. Intel Core i5, 8GB RAM, 512GB SSD for smooth performance. Enjoy a vibrant 23.8"" FHD display, HD camera. Get yours for 80000.0.","HP All-in-One 24-cr0309nh PC (Intel Core i5 1334U, 8GB RAM, 512GB SSD)","HP All-in-One 24-cr0309nh PC (Intel Core i5 1334U, 8GB RAM, 512GB SSD) - Product Image","High-quality image of HP All-in-One 24-cr0309nh PC (Intel Core i5 1334U, 8GB RAM, 512GB SSD) showing design and features"
simple,BJ2P3EA,HP All-in-One 24-cr0323nh PC,1,0,visible,"<h3 data-start=""..."" data-end=""..."">HP All-in-One 24-cr0323nh PC</h3>
<table>
<thead>
<tr>
<th></th>
<th></th>
</tr>
</thead>
<tbody>
<tr>
<td>Processor</td>
<td>Intel Core i5 1334U</td>
</tr>
<tr>
<td>RAM</td>
<td>8GB DDR4 3200</td>
</tr>
<tr>
<td>Storage</td>
<td>512GB PCIe NVMe M.2 SSD</td>
</tr>
<tr>
<td>Display</td>
<td>23.8"" FHD Touch Screen</td>
</tr>
<tr>
<td>Operating System</td>
<td>FreeDOS</td>
</tr>
<tr>
<td>Wireless</td>
<td>Wi-Fi 6, Bluetooth 5.3</td>
</tr>
<tr>
<td>Included</td>
<td>HP 125 Wired Keyboard & Mouse</td>
</tr>
</tbody>
</table>","<h2 data-start=""..."" data-end=""..."">HP All-in-One 24-cr0323nh PC</h2>
<p data-start=""..."" data-end=""..."">Discover the perfect blend of performance and elegant design with the HP All-in-One 24-cr0323nh PC. This powerful desktop offers a seamless computing experience. It combines a vibrant 23.8-inch Full HD touch screen with robust Intel Core i5 processing. Enjoy ample 8GB DDR4 RAM and a swift 512GB PCIe NVMe M.2 SSD. This all-in-one solution is ideal for both work and entertainment. It comes ready to use with a keyboard and mouse included. Elevate your workspace with this sleek and efficient HP PC.</p>

<h3 data-start=""..."" data-end=""..."">Key Features</h3>
<ul>
	<li><p data-start=""..."" data-end=""...""><strong>Powerful 13th Gen Intel Core i5 Performance</strong><br />Experience exceptional speed and responsiveness. The Intel Core i5 1334U processor handles demanding tasks with ease. Multitask effortlessly and enjoy smooth application performance. This powerful CPU ensures your work and entertainment run without interruption.</p></li>
	<li><p data-start=""..."" data-end=""...""><strong>Immersive 23.8-inch FHD Touch Screen</strong><br />Interact with your content in a whole new way. The expansive 23.8-inch Full HD display offers crisp visuals. Its intuitive touch functionality enhances productivity and creativity. Enjoy vibrant colors and wide viewing angles for an engaging experience.</p></li>
	<li><p data-start=""..."" data-end=""...""><strong>Rapid Storage and Memory</strong><br />Benefit from lightning-fast boot times and quick data access. A 512GB PCIe NVMe M.2 SSD provides ample storage for your files. The 8GB DDR4 3200MHz RAM ensures smooth multitasking. This combination delivers a remarkably efficient system response.</p></li>
	<li><p data-start=""..."" data-end=""...""><strong>Integrated Privacy and Audio Solutions</strong><br />Stay connected securely with the HP True Vision 720p HD tilt privacy camera. It features temporal noise reduction for clear video calls. Integrated dual array digital microphones capture your voice clearly. Dual 2W speakers provide rich, immersive audio for all your media. Maintain your privacy with a simple tilt.</p></li>
	<li><p data-start=""..."" data-end=""...""><strong>Comprehensive Connectivity Options</strong><br />Connect all your essential peripherals effortlessly. This PC includes one USB Type-C 5Gbps port for modern devices. Two USB Type-A 5Gbps ports and two USB 2.0 Type-A ports offer broad compatibility. An HDMI-out 1.4 port extends your display. Realtek Wi-Fi 6 and Bluetooth 5.3 ensure fast wireless connections.</p></li>
</ul>

<h3 data-start=""..."" data-end=""..."">Specifications</h3>
<h4><strong data-start=""..."" data-end=""..."">General</strong></h4>
<div class=""TyagGW_tableContainer"">
<div class=""group TyagGW_tableWrapper flex w-fit flex-col-reverse"">
<table class=""w-fit min-w-(--thread-content-width)"" data-start=""..."" data-end=""..."">
<thead>
<tr>
<th data-start=""..."" data-end=""..."" data-col-size=""sm""><strong data-start=""..."" data-end=""..."">Feature</strong></th>
<th data-start=""..."" data-end=""..."" data-col-size=""sm""><strong data-start=""..."" data-end=""..."">Specification</strong></th>
</tr>
</thead>
<tbody>
<tr>
<td data-start=""..."" data-end=""..."" data-col-size=""sm"">Model No</td>
<td data-start=""..."" data-end=""..."" data-col-size=""sm"">BJ2P3EA / 24-cr0323nh</td>
</tr>
<tr>
<td data-start=""..."" data-end=""..."" data-col-size=""sm"">Processor</td>
<td data-start=""..."" data-end=""..."" data-col-size=""sm"">Intel Core i5 1334U</td>
</tr>
<tr>
<td data-start=""..."" data-end=""..."" data-col-size=""sm"">RAM</td>
<td data-start=""..."" data-end=""..."" data-col-size=""sm"">8GB DDR4 3200MHz</td>
</tr>
<tr>
<td data-start=""..."" data-end=""..."" data-col-size=""sm"">Storage</td>
<td data-start=""..."" data-end=""..."" data-col-size=""sm"">512GB PCIe NVMe M.2 SSD</td>
</tr>
<tr>
<td data-start=""..."" data-end=""..."" data-col-size=""sm"">Operating System</td>
<td data-start=""..."" data-end=""..."" data-col-size=""sm"">FreeDOS</td>
</tr>
<tr>
<td data-start=""..."" data-end=""..."" data-col-size=""sm"">Display</td>
<td data-start=""..."" data-end=""..."" data-col-size=""sm"">23.8"" FHD Touch Screen</td>
</tr>
<tr>
<td data-start=""..."" data-end=""..."" data-col-size=""sm"">Optical Drive</td>
<td data-start=""..."" data-end=""..."" data-col-size=""sm"">No ODD</td>
</tr>
<tr>
<td data-start=""..."" data-end=""..."" data-col-size=""sm"">Wireless Connectivity</td>
<td data-start=""..."" data-end=""..."" data-col-size=""sm"">Realtek Wi-Fi 6 (1x1) and Bluetooth 5.3</td>
</tr>
<tr>
<td data-start=""..."" data-end=""..."" data-col-size=""sm"">Camera</td>
<td data-start=""..."" data-end=""..."" data-col-size=""sm"">HP True Vision 720p HD tilt privacy camera</td>
</tr>
<tr>
<td data-start=""..."" data-end=""..."" data-col-size=""sm"">Audio</td>
<td data-start=""..."" data-end=""..."" data-col-size=""sm"">Integrated dual array digital microphones, Dual 2W Speakers</td>
</tr>
<tr>
<td data-start=""..."" data-end=""..."" data-col-size=""sm"">Keyboard & Mouse</td>
<td data-start=""..."" data-end=""..."" data-col-size=""sm"">HP 125 Black Wired Keyboard and Mouse Combo</td>
</tr>
<tr>
<td data-start=""..."" data-end=""..."" data-col-size=""sm"">Color</td>
<td data-start=""..."" data-end=""..."" data-col-size=""sm"">Shell White</td>
</tr>
<tr>
<td data-start=""..."" data-end=""..."" data-col-size=""sm"">Rear Ports</td>
<td data-start=""..."" data-end=""..."" data-col-size=""sm"">1x USB Type-C 5Gbps, 2x USB Type-A 5Gbps, 2x USB 2.0 Type-A, 1x Headphone/microphone combo, 1x RJ-45, 1x HDMI-out 1.4</td>
</tr>
<tr>
<td data-start=""..."" data-end=""..."" data-col-size=""sm"">Warranty</td>
<td data-start=""..."" data-end=""..."" data-col-size=""sm"">1 Year from Seller</td>
</tr>
</tbody>
</table>
</div>
</div>

<h3 data-start=""..."" data-end=""..."">Enhanced User Experience</h3>
<ul>
	<li><p data-start=""..."" data-end=""..."">The FreeDOS operating system provides a flexible foundation. It allows users to install their preferred OS. This gives you complete control over your computing environment.</p></li>
	<li><p data-start=""..."" data-end=""..."">Enjoy a clutter-free desk with the integrated all-in-one design. The elegant Shell White finish adds a modern touch to any room. This PC is perfect for home offices or family use.</p></li>
	<li><p data-start=""..."" data-end=""..."">The included HP 125 Black Wired Keyboard and Mouse Combo ensures immediate productivity. You can start working or playing right out of the box. No need for additional purchases.</p></li>
</ul>

<h3 data-start=""..."" data-end=""..."">What’s in the Box</h3>
<ul>
	<li><p data-start=""..."" data-end=""..."">HP All-in-One 24-cr0323nh PC</p></li>
	<li><p data-start=""..."" data-end=""..."">HP 125 Black Wired Keyboard</p></li>
	<li><p data-start=""..."" data-end=""..."">HP 125 Black Wired Mouse</p></li>
	<li><p data-start=""..."" data-end=""..."">Power Adapter</p></li>
	<li><p data-start=""..."" data-end=""..."">Documentation</p></li>
</ul>

<h3 data-start=""..."" data-end=""..."">Why Choose the HP All-in-One 24-cr0323nh PC</h3>
<ul>
	<li><p data-start=""..."" data-end=""...""><strong>Space-Saving Design:</strong> Its all-in-one form factor minimizes cable clutter. It saves valuable desk space, creating a cleaner workspace.</p></li>
	<li><p data-start=""..."" data-end=""...""><strong>Responsive Performance:</strong> The latest Intel Core i5 processor and fast SSD deliver smooth, efficient operation for all tasks.</p></li>
	<li><p data-start=""..."" data-end=""...""><strong>Interactive Touch Display:</strong> The FHD touch screen offers an intuitive and engaging user experience. It enhances productivity and entertainment.</p></li>
	<li><p data-start=""..."" data-end=""...""><strong>Complete Solution:</strong> This PC comes with essential peripherals. It provides a ready-to-use system for immediate setup and enjoyment.</p></li>
</ul>",,,taxable,,1,,0,0,,,,,1,,,85000,Computing > Desktop Computers | Computing > HP Desktops,HP | All-in-One PC | Desktop PC | AIO | Intel Core i5 | 13th Gen | 8GB RAM | 512GB SSD | 23.8 inch | FHD Touch Screen | FreeDOS | Wi-Fi 6 | Bluetooth 5.3 | BJ2P3EA | HP 24-cr0323nh,,,,,,,,,,,0,Processor,Intel Core i5 1334U,1,0,RAM,8GB DDR4 3200,1,0,Storage,512GB PCIe NVMe M.2 SSD,1,0,HP All-in-One PC,"Boost productivity with the HP All-in-One 24-cr0323nh PC. Intel i5, 8GB RAM, 512GB SSD, 23.8"" FHD touch display. Integrated camera & speakers. Price: 85000.0.",HP All-in-One 24-cr0323nh PC,HP All-in-One 24-cr0323nh PC - Product Image,High-quality image of HP All-in-One 24-cr0323nh PC showing design and features
simple,BJ2P4EA,"HP All-in-One 24-cr0324nh PC (Intel Core i5, 8GB RAM, 512GB SSD, 23.8"" FHD Touch)",1,0,visible,"<h3 data-start=""..."" data-end=""..."">HP All-in-One 24-cr0324nh PC Highlights</h3>
<table>
<thead>
<tr>
<th></th>
<th></th>
</tr>
</thead>
<tbody>
<tr>
<td>Processor</td>
<td>Intel Core i5 1334U</td>
</tr>
<tr>
<td>RAM</td>
<td>8GB DDR4 3200MHz</td>
</tr>
<tr>
<td>Storage</td>
<td>512GB PCIe NVMe M.2 SSD</td>
</tr>
<tr>
<td>Display</td>
<td>23.8"" FHD Touch Screen</td>
</tr>
<tr>
<td>Operating System</td>
<td>FreeDOS</td>
</tr>
<tr>
<td>Connectivity</td>
<td>Wi-Fi 6, Bluetooth 5.3</td>
</tr>
<tr>
<td>Peripherals</td>
<td>HP Wired Keyboard & Mouse Included</td>
</tr>
<tr>
<td>Color</td>
<td>Jet Black</td>
</tr>
</tbody>
</table>","<h2 data-start=""..."" data-end=""..."">HP All-in-One 24-cr0324nh PC</h2>
<p data-start=""..."" data-end=""..."">Discover the HP All-in-One 24-cr0324nh PC, a powerful and elegant solution for your home or office. This integrated desktop offers exceptional performance and a sleek design. It features a responsive 23.8-inch Full HD touch screen display. Powering your tasks is an Intel Core i5 1334U processor. Enjoy seamless multitasking with 8GB of DDR4 RAM. A fast 512GB PCIe NVMe M.2 SSD ensures quick boot times and rapid application loading. This PC arrives with FreeDOS, giving you flexibility in operating system choice. It also includes an HP 125 Black Wired Keyboard and Mouse Combo, providing an immediate, complete setup.</p>

<h3 data-start=""..."" data-end=""..."">Key Features</h3>
<ul>
	<li><p data-start=""..."" data-end=""...""><strong>Vibrant 23.8-inch FHD Touch Screen</strong><br />Experience stunning visuals and intuitive interaction. The Full HD (1920 x 1080) display offers crisp, clear images. Its touch functionality allows for a more engaging and direct user experience. Navigate effortlessly with a simple tap or swipe. This screen is perfect for work, entertainment, and creative projects.</p></li>
	<li><p data-start=""..."" data-end=""...""><strong>Powerful Intel Core i5 13th Gen Processor</strong><br />Equipped with an Intel Core i5 1334U processor, this PC handles demanding applications with ease. The 13th generation architecture ensures efficient performance and responsiveness. You can confidently tackle everyday tasks, creative work, and multimedia consumption. Enjoy smooth computing for all your needs.</p></li>
	<li><p data-start=""..."" data-end=""...""><strong>Fast 8GB DDR4 RAM and 512GB NVMe SSD</strong><br />Benefit from rapid data access and system responsiveness. The 8GB of DDR4 3200MHz RAM supports efficient multitasking. Switch between applications without slowdowns. A spacious 512GB PCIe NVMe M.2 SSD provides ample storage for files. It also ensures lightning-fast boot-ups and quick application launches. Your digital world loads in an instant.</p></li>
	<li><p data-start=""..."" data-end=""...""><strong>Integrated HD Privacy Camera and Audio</strong><br />Stay connected with the HP True Vision 720p HD tilt privacy camera. This camera features temporal noise reduction for clear video calls. Integrated dual array digital microphones ensure your voice is heard clearly. Dual 2W speakers deliver rich, immersive audio. Enjoy crisp sound for meetings, movies, and music.</p></li>
	<li><p data-start=""..."" data-end=""...""><strong>Comprehensive Connectivity Options</strong><br />This All-in-One PC offers a range of ports for all your peripherals. It includes one USB Type-C 5Gbps signaling rate port. There are two USB Type-A 5Gbps signaling rate ports and two USB 2.0 Type-A ports. An HDMI-out 1.4 port connects to external displays. Enjoy reliable network access with the RJ-45 Ethernet port. A headphone/microphone combo jack provides audio versatility. Wireless connectivity is robust with Realtek Wi-Fi 6 (1x1) and Bluetooth 5.3.</p></li>
	<li><p data-start=""..."" data-end=""...""><strong>Included HP Wired Keyboard and Mouse</strong><br />Start working right out of the box. This HP All-in-One PC comes with an HP 125 Black Wired Keyboard. It also includes an HP 125 Black Wired Mouse. These essential peripherals ensure a comfortable and productive user experience from day one. Simply plug them in and begin your tasks.</p></li>
</ul>

<h3 data-start=""..."" data-end=""..."">Specifications</h3>
<h4><strong data-start=""..."" data-end=""..."">General</strong></h4>
<div class=""TyagGW_tableContainer"">
<div class=""group TyagGW_tableWrapper flex w-fit flex-col-reverse"">
<table class=""w-fit min-w-(--thread-content-width)"" data-start=""..."" data-end=""..."">
<thead>
<tr>
<th data-start=""..."" data-end=""..."" data-col-size=""sm""><strong data-start=""..."" data-end=""..."">Feature</strong></th>
<th data-start=""..."" data-end=""..."" data-col-size=""sm""><strong data-start=""..."" data-end=""..."">Specification</strong></th>
</tr>
</thead>
<tbody>
<tr>
<td data-start=""..."" data-end=""..."" data-col-size=""sm"">Part No / Model No</td>
<td data-start=""..."" data-end=""..."" data-col-size=""sm"">BJ2P4EA</td>
</tr>
<tr>
<td data-start=""..."" data-end=""..."" data-col-size=""sm"">Processor</td>
<td data-start=""..."" data-end=""..."" data-col-size=""sm"">Intel Core i5 1334U</td>
</tr>
<tr>
<td data-start=""..."" data-end=""..."" data-col-size=""sm"">RAM</td>
<td data-start=""..."" data-end=""..."" data-col-size=""sm"">8GB DDR4 3200MHz</td>
</tr>
<tr>
<td data-start=""..."" data-end=""..."" data-col-size=""sm"">Storage</td>
<td data-start=""..."" data-end=""..."" data-col-size=""sm"">512GB PCIe NVMe M.2 SSD</td>
</tr>
<tr>
<td data-start=""..."" data-end=""..."" data-col-size=""sm"">Operating System</td>
<td data-start=""..."" data-end=""..."" data-col-size=""sm"">FreeDOS</td>
</tr>
<tr>
<td data-start=""..."" data-end=""..."" data-col-size=""sm"">Display Size</td>
<td data-start=""..."" data-end=""..."" data-col-size=""sm"">23.8 inches</td>
</tr>
<tr>
<td data-start=""..."" data-end=""..."" data-col-size=""sm"">Display Type</td>
<td data-start=""..."" data-end=""..."" data-col-size=""sm"">FHD (1920x1080) Touch Screen</td>
</tr>
<tr>
<td data-start=""..."" data-end=""..."" data-col-size=""sm"">Optical Drive</td>
<td data-start=""..."" data-end=""..."" data-col-size=""sm"">No ODD</td>
</tr>
<tr>
<td data-start=""..."" data-end=""..."" data-col-size=""sm"">Wireless Connectivity</td>
<td data-start=""..."" data-end=""..."" data-col-size=""sm"">Realtek Wi-Fi 6 (1x1) and Bluetooth 5.3</td>
</tr>
<tr>
<td data-start=""..."" data-end=""..."" data-col-size=""sm"">Webcam</td>
<td data-start=""..."" data-end=""..."" data-col-size=""sm"">HP True Vision 720p HD tilt privacy camera</td>
</tr>
<tr>
<td data-start=""..."" data-end=""..."" data-col-size=""sm"">Audio</td>
<td data-start=""..."" data-end=""..."" data-col-size=""sm"">Dual 2W Speakers</td>
</tr>
<tr>
<td data-start=""..."" data-end=""..."" data-col-size=""sm"">Keyboard</td>
<td data-start=""..."" data-end=""..."" data-col-size=""sm"">HP 125 Black Wired Keyboard</td>
</tr>
<tr>
<td data-start=""..."" data-end=""..."" data-col-size=""sm"">Mouse</td>
<td data-start=""..."" data-end=""..."" data-col-size=""sm"">HP 125 Black Wired Mouse</td>
</tr>
<tr>
<td data-start=""..."" data-end=""..."" data-col-size=""sm"">Color</td>
<td data-start=""..."" data-end=""..."" data-col-size=""sm"">Jet Black</td>
</tr>
<tr>
<td data-start=""..."" data-end=""..."" data-col-size=""sm"">Rear Ports</td>
<td data-start=""..."" data-end=""..."" data-col-size=""sm"">1x USB Type-C 5Gbps, 2x USB Type-A 5Gbps, 2x USB 2.0 Type-A, 1x Headphone/microphone combo, 1x RJ-45, 1x HDMI-out 1.4</td>
</tr>
<tr>
<td data-start=""..."" data-end=""..."" data-col-size=""sm"">Warranty</td>
<td data-start=""..."" data-end=""..."" data-col-size=""sm"">1 Year from Seller</td>
</tr>
</tbody>
</table>
</div>
</div>

<h3 data-start=""..."" data-end=""..."">What’s in the Box</h3>
<ul>
	<li><p data-start=""..."" data-end=""..."">HP All-in-One 24-cr0324nh PC</p></li>
	<li><p data-start=""..."" data-end=""..."">HP 125 Black Wired Keyboard</p></li>
	<li><p data-start=""..."" data-end=""..."">HP 125 Black Wired Mouse</p></li>
	<li><p data-start=""..."" data-end=""..."">Power Adapter</p></li>
</ul>

<h3 data-start=""..."" data-end=""..."">Why Choose the HP All-in-One 24-cr0324nh PC</h3>
<ul>
	<li><p data-start=""..."" data-end=""...""><strong>Sleek, Space-Saving Design</strong><br />Its All-in-One form factor integrates computing power directly into the monitor. This minimizes clutter and saves valuable desk space. Enjoy a clean and organized workspace.</p></li>
	<li><p data-start=""..."" data-end=""...""><strong>Enhanced Interactive Experience</strong><br />The 23.8-inch Full HD touch screen offers a dynamic way to interact. It boosts productivity and makes entertainment more engaging. Navigate applications with natural gestures.</p></li>
	<li><p data-start=""..."" data-end=""...""><strong>Reliable Performance for Everyday Tasks</strong><br />With an Intel Core i5 processor, 8GB RAM, and a fast 512GB SSD, it delivers consistent performance. It handles your daily computing, from browsing to office tasks, effortlessly.</p></li>
	<li><p data-start=""..."" data-end=""...""><strong>Complete and Ready-to-Use Solution</strong><br />This PC comes bundled with a wired keyboard and mouse. It provides everything you need to start working or playing immediately. Enjoy a hassle-free setup process.</p></li>
</ul>",,,taxable,,1,,0,0,,,,,1,,,85000,Computing > HP Desktops,HP | All-in-One PC | AIO | 24-cr0324nh | BJ2P4EA | Intel Core i5 | 13th Gen | 8GB RAM | 512GB SSD | FreeDOS | 23.8 inch | FHD Touch Screen | Desktop Computer | Home Office PC | Business Desktop,,,,,,,,,,,0,Processor,Intel Core i5 1334U,1,0,RAM,8GB DDR4 3200MHz,1,0,Storage,512GB PCIe NVMe M.2 SSD,1,0,HP All-in-One PC,"HP All-in-One 24-cr0324nh PC: Intel Core i5, 8GB RAM, 512GB SSD, 23.8"" FHD touch screen. Powerful, sleek, and efficient for home or office tasks. Price: 85000.","HP All-in-One 24-cr0324nh PC (Intel Core i5, 8GB RAM, 512GB SSD, 23.8"" FHD Touch)","HP All-in-One 24-cr0324nh PC (Intel Core i5, 8GB RAM, 512GB SSD, 23.8"" FHD Touch) - Product Image","High-quality image of HP All-in-One 24-cr0324nh PC (Intel Core i5, 8GB RAM, 512GB SSD, 23.8"" FHD Touch) showing design and features"
simple,A0CL8EA,"HP All-in-One 24-cr1006nh PC - Intel Core Ultra 5, 16GB RAM, 512GB SSD, 23.8"" FHD Touch",1,0,visible,"<h3 data-start=""..."" data-end=""..."">HP All-in-One 24-cr1006nh PC Highlights</h3>
<table>
<thead>
<tr>
<th></th>
<th></th>
</tr>
</thead>
<tbody>
<tr>
<td>Processor</td>
<td>Intel Core Ultra 5 125U</td>
</tr>
<tr>
<td>RAM</td>
<td>16GB DDR5 5600 MHz</td>
</tr>
<tr>
<td>Storage</td>
<td>512GB PCIe NVMe M.2 SSD</td>
</tr>
<tr>
<td>Display</td>
<td>23.8"" FHD Touch Screen</td>
</tr>
<tr>
<td>Operating System</td>
<td>FreeDOS</td>
</tr>
<tr>
<td>Connectivity</td>
<td>Wi-Fi 6, Bluetooth 5.3</td>
</tr>
<tr>
<td>Included</td>
<td>HP Wired Keyboard & Mouse</td>
</tr>
</tbody>
</table>","<h2 data-start=""..."" data-end=""..."">HP All-in-One 24-cr1006nh PC - Intel Core Ultra 5, 16GB RAM, 512GB SSD, 23.8"" FHD Touch</h2>
<p data-start=""..."" data-end=""..."">Discover the HP All-in-One 24-cr1006nh PC, a powerful and sleek computing solution. This integrated desktop offers exceptional performance and a vibrant 23.8-inch Full HD touch screen. It streamlines your workspace with its elegant Shell White design. Enjoy smooth multitasking and quick access to your files. This PC is perfect for both productivity and entertainment, delivering a reliable user experience. Its all-in-one form factor saves valuable desk space. The HP 24-cr1006nh PC comes ready with essential accessories, making setup simple.</p>

<h3 data-start=""..."" data-end=""..."">Key Features</h3>
<ul>
	<li><p data-start=""..."" data-end=""...""><strong>Powerful Intel Core Ultra 5 Processor</strong><br />Experience robust performance with the Intel Core Ultra 5 125U processor. This ensures efficient handling of everyday tasks and demanding applications. Multitask seamlessly without any slowdowns. The processor delivers responsive computing power for work or play.</p></li>
	<li><p data-start=""..."" data-end=""...""><strong>Ample Memory and Storage</strong><br />Benefit from 16GB DDR5 5600 RAM, providing excellent speed for all your operations. A fast 512GB PCIe NVMe M.2 SSD offers ample space for your documents, photos, and software. It also ensures lightning-fast boot times and quick application loading.</p></li>
	<li><p data-start=""..."" data-end=""...""><strong>Vibrant 23.8"" FHD Touch Screen</strong><br />Engage with your content on a stunning 23.8-inch Full HD touch screen display. The intuitive touch interface enhances productivity and entertainment. Enjoy crisp visuals and vibrant colors for an immersive viewing experience. This display makes navigation incredibly smooth and natural.</p></li>
	<li><p data-start=""..."" data-end=""...""><strong>Integrated Connectivity Options</strong><br />Stay connected with Realtek RTL8852BE Wi-Fi 6 (2x2) and Bluetooth 5.3. These advanced wireless technologies ensure fast and reliable connections. The PC also features multiple rear ports, including USB Type-C, USB Type-A, USB 2.0, HDMI-out, and RJ-45. Connect all your peripherals with ease.</p></li>
	<li><p data-start=""..."" data-end=""...""><strong>Privacy-Focused Camera and Audio</strong><br />Communicate clearly with the HP True Vision 720p HD tilt privacy camera. It includes temporal noise reduction for improved video quality. Integrated dual array digital microphones capture your voice with clarity. Dual 2W speakers provide rich audio for calls and media. You can easily adjust the camera for privacy when not in use.</p></li>
	<li><p data-start=""..."" data-end=""...""><strong>Complete Peripheral Package</strong><br />The HP All-in-One PC comes bundled with an HP 125 White Wired Keyboard and Mouse Combo. This ensures you have everything needed to start working right away. The peripherals match the elegant Shell White finish of the PC. They offer a comfortable and reliable input experience.</p></li>
</ul>

<h3 data-start=""..."" data-end=""..."">Specifications</h3>
<h4><strong data-start=""..."" data-end=""..."">General</strong></h4>
<div class=""TyagGW_tableContainer"">
<div class=""group TyagGW_tableWrapper flex w-fit flex-col-reverse"">
<table class=""w-fit min-w-(--thread-content-width)"" data-start=""..."" data-end=""..."">
<thead>
<tr>
<th data-start=""..."" data-end=""..."" data-col-size=""sm""><strong data-start=""..."" data-end=""..."">Feature</strong></th>
<th data-start=""..."" data-end=""..."" data-col-size=""sm""><strong data-start=""..."" data-end=""..."">Specification</strong></th>
</tr>
</thead>
<tbody>
<tr>
<td data-start=""..."" data-end=""..."" data-col-size=""sm"">Part No / Model No</td>
<td data-start=""..."" data-end=""..."" data-col-size=""sm"">A0CL8EA</td>
</tr>
<tr>
<td data-start=""..."" data-end=""..."" data-col-size=""sm"">Processor</td>
<td data-start=""..."" data-end=""..."" data-col-size=""sm"">Intel Core Ultra 5 125U</td>
</tr>
<tr>
<td data-start=""..."" data-end=""..."" data-col-size=""sm"">RAM</td>
<td data-start=""..."" data-end=""..."" data-col-size=""sm"">16GB DDR5 5600 MHz</td>
</tr>
<tr>
<td data-start=""..."" data-end=""..."" data-col-size=""sm"">Storage</td>
<td data-start=""..."" data-end=""..."" data-col-size=""sm"">512GB PCIe NVMe M.2 SSD</td>
</tr>
<tr>
<td data-start=""..."" data-end=""..."" data-col-size=""sm"">Operating System</td>
<td data-start=""..."" data-end=""..."" data-col-size=""sm"">FreeDOS</td>
</tr>
<tr>
<td data-start=""..."" data-end=""..."" data-col-size=""sm"">Display Size</td>
<td data-start=""..."" data-end=""..."" data-col-size=""sm"">23.8""</td>
</tr>
<tr>
<td data-start=""..."" data-end=""..."" data-col-size=""sm"">Display Type</td>
<td data-start=""..."" data-end=""..."" data-col-size=""sm"">FHD Touch Screen</td>
</tr>
<tr>
<td data-start=""..."" data-end=""..."" data-col-size=""sm"">Optical Drive</td>
<td data-start=""..."" data-end=""..."" data-col-size=""sm"">No ODD</td>
</tr>
<tr>
<td data-start=""..."" data-end=""..."" data-col-size=""sm"">Wi-Fi</td>
<td data-start=""..."" data-end=""..."" data-col-size=""sm"">Realtek RTL8852BE Wi-Fi 6 (2x2)</td>
</tr>
<tr>
<td data-start=""..."" data-end=""..."" data-col-size=""sm"">Bluetooth</td>
<td data-start=""..."" data-end=""..."" data-col-size=""sm"">Bluetooth 5.3</td>
</tr>
<tr>
<td data-start=""..."" data-end=""..."" data-col-size=""sm"">Webcam</td>
<td data-start=""..."" data-end=""..."" data-col-size=""sm"">HP True Vision 720p HD tilt privacy camera</td>
</tr>
<tr>
<td data-start=""..."" data-end=""..."" data-col-size=""sm"">Audio</td>
<td data-start=""..."" data-end=""..."" data-col-size=""sm"">Dual 2W Speakers, integrated dual array digital microphones</td>
</tr>
<tr>
<td data-start=""..."" data-end=""..."" data-col-size=""sm"">Keyboard</td>
<td data-start=""..."" data-end=""..."" data-col-size=""sm"">HP 125 White Wired Keyboard</td>
</tr>
<tr>
<td data-start=""..."" data-end=""..."" data-col-size=""sm"">Mouse</td>
<td data-start=""..."" data-end=""..."" data-col-size=""sm"">HP 125 White Wired Mouse</td>
</tr>
<tr>
<td data-start=""..."" data-end=""..."" data-col-size=""sm"">Color</td>
<td data-start=""..."" data-end=""..."" data-col-size=""sm"">Shell White</td>
</tr>
<tr>
<td data-start=""..."" data-end=""..."" data-col-size=""sm"">Rear Ports</td>
<td data-start=""..."" data-end=""..."" data-col-size=""sm"">1x USB Type-C 5Gbps, 2x USB Type-A 5Gbps, 2x USB 2.0 Type-A, 1x Headphone/microphone combo, 1x RJ-45, 1x HDMI-out 1.4</td>
</tr>
<tr>
<td data-start=""..."" data-end=""..."" data-col-size=""sm"">Warranty</td>
<td data-start=""..."" data-end=""..."" data-col-size=""sm"">1 Year Warranty from Seller</td>
</tr>
</tbody>
</table>
</div>
</div>

<h3 data-start=""..."" data-end=""..."">What’s in the Box</h3>
<ul>
	<li><p data-start=""..."" data-end=""..."">HP All-in-One 24-cr1006nh PC</p></li>
	<li><p data-start=""..."" data-end=""..."">HP 125 White Wired Keyboard</p></li>
	<li><p data-start=""..."" data-end=""..."">HP 125 White Wired Mouse</p></li>
	<li><p data-start=""..."" data-end=""..."">Power Adapter</p></li>
</ul>

<h3 data-start=""..."" data-end=""..."">Why Choose HP All-in-One 24-cr1006nh PC</h3>
<ul>
	<li><p data-start=""..."" data-end=""...""><strong>Streamlined Workspace</strong><br />Its integrated design reduces cable clutter and frees up desk space. This creates a clean and organized work environment. The sleek form factor blends seamlessly into any home or office setting.</p></li>
	<li><p data-start=""..."" data-end=""...""><strong>Enhanced User Interaction</strong><br />The touch screen display offers a more intuitive and engaging way to interact with your PC. Navigate applications, browse the web, and create content with simple gestures. It makes computing more natural and enjoyable.</p></li>
	<li><p data-start=""..."" data-end=""...""><strong>Reliable Performance for Daily Tasks</strong><br />Equipped with a powerful processor and ample memory, this AIO PC handles daily computing needs effortlessly. From browsing and email to light content creation, it delivers consistent and reliable performance. Trust in HP's quality and a solid 1-year warranty.</p></li>
</ul>",,,taxable,,1,,0,0,,,,,1,,,90000,Computing > Desktop Computers > HP Desktops,HP | All-in-One PC | AIO PC | 24-cr1006nh | Intel Core Ultra 5 | 16GB DDR5 RAM | 512GB SSD | FHD Touch Screen | 23.8 Inch | FreeDOS | Wi-Fi 6 | Bluetooth 5.3 | Wired Keyboard | Wired Mouse | Shell White | Home PC | Office PC,,,,,,,,,,,0,Processor,Intel Core Ultra 5 125U,1,0,RAM,16GB DDR5 5600 MHz,1,0,Storage,512GB PCIe NVMe M.2 SSD,1,0,HP 24-cr1006nh All-in-One PC,"Experience seamless computing with the HP All-in-One 24-cr1006nh PC. Featuring Intel Core Ultra 5, 16GB RAM, 512GB SSD, and a 23.8"" FHD touch screen. Price: 90000.0.","HP All-in-One 24-cr1006nh PC - Intel Core Ultra 5, 16GB RAM, 512GB SSD, 23.8"" FHD Touch","HP All-in-One 24-cr1006nh PC - Intel Core Ultra 5, 16GB RAM, 512GB SSD, 23.8"" FHD Touch - Product Image","High-quality image of HP All-in-One 24-cr1006nh PC - Intel Core Ultra 5, 16GB RAM, 512GB SSD, 23.8"" FHD Touch showing design and features"
simple,9M9H4AT,"HP ProOne 240 G10 All-in-One PC (Core i7, 16GB RAM, 512GB SSD)",1,0,visible,"<h3 data-start=""..."" data-end=""..."">HP ProOne 240 G10 All-in-One PC</h3>
<table>
<thead>
<tr>
<th></th>
<th></th>
</tr>
</thead>
<tbody>
<tr>
<td>Processor</td>
<td>Intel Core i7 1355U</td>
</tr>
<tr>
<td>RAM</td>
<td>16GB DDR4 3200</td>
</tr>
<tr>
<td>Storage</td>
<td>512GB PCIe NVMe M.2 SSD</td>
</tr>
<tr>
<td>Display</td>
<td>23.8"" FHD</td>
</tr>
<tr>
<td>Operating System</td>
<td>FreeDOS</td>
</tr>
<tr>
<td>Wireless</td>
<td>Wi-Fi 6, Bluetooth 5.3</td>
</tr>
<tr>
<td>Camera</td>
<td>5 MP Pull-up</td>
</tr>
<tr>
<td>Included</td>
<td>Wired Keyboard & Mouse</td>
</tr>
</tbody>
</table>","<h2 data-start=""..."" data-end=""..."">HP ProOne 240 G10 All-in-One PC (Core i7, 16GB RAM, 512GB SSD)</h2>
<p data-start=""..."" data-end=""..."">Discover the HP ProOne 240 G10 All-in-One PC. This powerful desktop solution integrates performance and style. It features an Intel Core i7 1355U processor for smooth multitasking. Enjoy ample 16GB DDR4 RAM and a rapid 512GB PCIe NVMe M.2 SSD. The vibrant 23.8-inch Full HD display enhances your viewing experience. This AIO PC comes with FreeDOS, giving you flexibility for operating system installation. It is perfect for both professional environments and home use, offering a clutter-free workspace. Elevate your daily computing with this reliable and efficient HP system.</p>

<h3 data-start=""..."" data-end=""..."">Key Features</h3>
<ul>
	<li><p data-start=""..."" data-end=""...""><strong>Powerful 13th Gen Intel Core i7 Processor</strong><br />The HP ProOne 240 G10 boasts an Intel Core i7 1355U processor. This ensures fast and efficient performance for all your tasks. Handle demanding applications with ease. Enjoy seamless multitasking throughout your workday. This powerful CPU delivers reliability and speed.</p></li>
	<li><p data-start=""..."" data-end=""...""><strong>Generous Memory and Storage</strong><br />Equipped with 16GB of DDR4 3200 RAM, this AIO PC allows for smooth operation. You can run multiple programs simultaneously without slowdowns. The 512GB PCIe NVMe M.2 SSD provides lightning-fast boot times. It also offers quick data access. Store all your important files and applications effortlessly.</p></li>
	<li><p data-start=""..."" data-end=""...""><strong>Immersive Full HD Display</strong><br />Experience crystal-clear visuals on the 23.8-inch Full HD screen. This display offers sharp details and vibrant colors. It is ideal for presentations, media consumption, and general productivity. The sleek design of the all-in-one unit keeps your desk tidy. Enjoy an expansive view without bulky towers.</p></li>
	<li><p data-start=""..."" data-end=""...""><strong>Integrated Connectivity and Multimedia</strong><br />Stay connected with Realtek Wi-Fi 6 (1x1) and Bluetooth 5.3. These features ensure reliable wireless performance. A 5 MP pull-up camera supports clear video calls. Integrated dual array digital microphones capture your voice with clarity. Dual 2W speakers provide crisp audio for meetings and entertainment. Essential ports are easily accessible on the rear panel.</p></li>
	<li><p data-start=""..."" data-end=""...""><strong>Pre-installed FreeDOS and Accessories</strong><br />The system comes with FreeDOS, offering flexibility to install your preferred operating system. Included are an HP 125 Black Wired Keyboard and Mouse. You can start working immediately. The Iron Gray finish adds a touch of modern elegance to any setup. This AIO is ready to boost your productivity right out of the box.</p></li>
</ul>

<h3 data-start=""..."" data-end=""..."">Specifications</h3>
<h4><strong data-start=""..."" data-end=""..."">General</strong></h4>
<div class=""TyagGW_tableContainer"">
<div class=""group TyagGW_tableWrapper flex w-fit flex-col-reverse"">
<table class=""w-fit min-w-(--thread-content-width)"" data-start=""..."" data-end=""..."">
<thead>
<tr>
<th data-start=""..."" data-end=""..."" data-col-size=""sm""><strong data-start=""..."" data-end=""..."">Feature</strong></th>
<th data-start=""..."" data-end=""..."" data-col-size=""sm""><strong data-start=""..."" data-end=""..."">Specification</strong></th>
</tr>
</thead>
<tbody>
<tr>
<td data-start=""..."" data-end=""..."" data-col-size=""sm"">Model</td>
<td data-start=""..."" data-end=""..."" data-col-size=""sm"">HP ProOne 240 G10</td>
</tr>
<tr>
<td data-start=""..."" data-end=""..."" data-col-size=""sm"">Part No</td>
<td data-start=""..."" data-end=""..."" data-col-size=""sm"">9M9H4AT</td>
</tr>
<tr>
<td data-start=""..."" data-end=""..."" data-col-size=""sm"">Processor</td>
<td data-start=""..."" data-end=""..."" data-col-size=""sm"">Intel Core i7 1355U</td>
</tr>
<tr>
<td data-start=""..."" data-end=""..."" data-col-size=""sm"">RAM</td>
<td data-start=""..."" data-end=""..."" data-col-size=""sm"">16GB DDR4 3200</td>
</tr>
<tr>
<td data-start=""..."" data-end=""..."" data-col-size=""sm"">Storage</td>
<td data-start=""..."" data-end=""..."" data-col-size=""sm"">512GB PCIe NVMe M.2 SSD</td>
</tr>
<tr>
<td data-start=""..."" data-end=""..."" data-col-size=""sm"">Operating System</td>
<td data-start=""..."" data-end=""..."" data-col-size=""sm"">FreeDOS</td>
</tr>
<tr>
<td data-start=""..."" data-end=""..."" data-col-size=""sm"">Display Size</td>
<td data-start=""..."" data-end=""..."" data-col-size=""sm"">23.8"" FHD</td>
</tr>
<tr>
<td data-start=""..."" data-end=""..."" data-col-size=""sm"">Optical Drive</td>
<td data-start=""..."" data-end=""..."" data-col-size=""sm"">No ODD</td>
</tr>
<tr>
<td data-start=""..."" data-end=""..."" data-col-size=""sm"">Wireless</td>
<td data-start=""..."" data-end=""..."" data-col-size=""sm"">Realtek Wi-Fi 6 (1x1) and Bluetooth 5.3</td>
</tr>
<tr>
<td data-start=""..."" data-end=""..."" data-col-size=""sm"">Camera</td>
<td data-start=""..."" data-end=""..."" data-col-size=""sm"">5 MP pull-up camera with integrated dual array digital microphones</td>
</tr>
<tr>
<td data-start=""..."" data-end=""..."" data-col-size=""sm"">Audio</td>
<td data-start=""..."" data-end=""..."" data-col-size=""sm"">Dual 2W Speakers</td>
</tr>
<tr>
<td data-start=""..."" data-end=""..."" data-col-size=""sm"">Keyboard</td>
<td data-start=""..."" data-end=""..."" data-col-size=""sm"">HP 125 Black Wired Keyboard</td>
</tr>
<tr>
<td data-start=""..."" data-end=""..."" data-col-size=""sm"">Mouse</td>
<td data-start=""..."" data-end=""..."" data-col-size=""sm"">HP 125 Black Wired Mouse</td>
</tr>
<tr>
<td data-start=""..."" data-end=""..."" data-col-size=""sm"">Color</td>
<td data-start=""..."" data-end=""..."" data-col-size=""sm"">Iron Gray</td>
</tr>
<tr>
<td data-start=""..."" data-end=""..."" data-col-size=""sm"">Warranty</td>
<td data-start=""..."" data-end=""..."" data-col-size=""sm"">1 Year</td>
</tr>
</tbody>
</table>
</div>
</div>

<h3 data-start=""..."" data-end=""..."">Rear Port Connectivity</h3>
<ul>
	<li><p data-start=""..."" data-end=""..."">One USB Type-C 5Gbps signaling rate port for modern peripherals.</p></li>
	<li><p data-start=""..."" data-end=""..."">Two USB Type-A 5Gbps signaling rate ports for high-speed data transfer.</p></li>
	<li><p data-start=""..."" data-end=""..."">Two USB 2.0 Type-A ports for essential connections.</p></li>
	<li><p data-start=""..."" data-end=""..."">One HDMI 1.4 port for external display connectivity.</p></li>
	<li><p data-start=""..."" data-end=""..."">One headphone/microphone combo jack for audio peripherals.</p></li>
	<li><p data-start=""..."" data-end=""..."">One RJ-45 port for reliable wired network access.</p></li>
	<li><p data-start=""..."" data-end=""..."">One power connector to supply consistent power.</p></li>
</ul>

<h3 data-start=""..."" data-end=""..."">What’s in the Box</h3>
<ul>
	<li><p data-start=""..."" data-end=""..."">HP ProOne 240 G10 All-in-One PC</p></li>
	<li><p data-start=""..."" data-end=""..."">HP 125 Black Wired Keyboard</p></li>
	<li><p data-start=""..."" data-end=""..."">HP 125 Black Wired Mouse</p></li>
	<li><p data-start=""..."" data-end=""..."">Power Adapter</p></li>
</ul>

<h3 data-start=""..."" data-end=""..."">Why Choose HP ProOne 240 G10 All-in-One PC</h3>
<ul>
	<li><p data-start=""..."" data-end=""..."">Enjoy a sleek, space-saving design that declutters your workspace. This all-in-one unit combines everything you need.</p></li>
	<li><p data-start=""..."" data-end=""..."">Benefit from robust performance with a 13th Gen Intel Core i7 processor and fast SSD storage. It handles daily tasks efficiently.</p></li>
	<li><p data-start=""..."" data-end=""..."">Stay productive and connected with integrated Wi-Fi 6, Bluetooth 5.3, and a high-quality webcam. Collaborate effortlessly.</p></li>
	<li><p data-start=""..."" data-end=""..."">Gain flexibility with the FreeDOS operating system. Install your preferred OS easily. Customize your computing experience.</p></li>
	<li><p data-start=""..."" data-end=""..."">Rely on HP's reputation for quality and a 1-year warranty. This provides peace of mind for your investment.</p></li>
</ul>",,,taxable,,0,,0,0,,,,,1,,,,Computing > Desktop Computers > HP Desktops,HP | ProOne 240 G10 | All-in-One PC | Intel Core i7 | 13th Gen | 16GB DDR4 RAM | 512GB NVMe SSD | FreeDOS | 23.8 inch FHD | Wi-Fi 6 | Bluetooth 5.3 | 5MP Camera | Wired Keyboard Mouse | Desktop Computer | Business PC,,,,,,,,,,,0,Processor,Intel Core i7 1355U,1,0,RAM,16GB DDR4 3200,1,0,Storage,512GB PCIe NVMe M.2 SSD,1,0,HP ProOne 240 G10 All-in-One PC,"Experience seamless productivity with the HP ProOne 240 G10 All-in-One PC. Featuring an Intel Core i7, 16GB RAM, and 512GB SSD for robust performance.","HP ProOne 240 G10 All-in-One PC (Core i7, 16GB RAM, 512GB SSD)","HP ProOne 240 G10 All-in-One PC (Core i7, 16GB RAM, 512GB SSD) - Product Image","High-quality image of HP ProOne 240 G10 All-in-One PC (Core i7, 16GB RAM, 512GB SSD) showing design and features"
simple,91H75EA,HP All-in-One 27-cr0086nh PC,1,0,visible,"<h3 data-start=""..."" data-end=""..."">HP All-in-One 27-cr0086nh PC</h3>
<table>
<thead>
<tr>
<th></th>
<th></th>
</tr>
</thead>
<tbody>
<tr>
<td>Processor</td>
<td>Intel Core i7 1355U</td>
</tr>
<tr>
<td>RAM</td>
<td>8GB DDR4 3200MHz</td>
</tr>
<tr>
<td>Storage</td>
<td>512GB PCIe NVMe M.2 SSD</td>
</tr>
<tr>
<td>Display</td>
<td>27"" FHD (1920x1080)</td>
</tr>
<tr>
<td>Operating System</td>
<td>FreeDOS</td>
</tr>
<tr>
<td>Connectivity</td>
<td>Wi-Fi 6, Bluetooth 5.3</td>
</tr>
<tr>
<td>Included</td>
<td>Wired Keyboard &amp; Mouse</td>
</tr>
</tbody>
</table>","<h2 data-start=""..."" data-end=""..."">HP All-in-One 27-cr0086nh PC</h2>
<p data-start=""..."" data-end=""..."">Discover the HP All-in-One 27-cr0086nh PC, a powerful and elegant solution for your computing needs. This sleek desktop integrates a vibrant 27-inch Full HD display with high-performance components. It features an Intel Core i7 1355U processor, ensuring smooth multitasking and efficient operation. With 8GB DDR4 RAM and a speedy 512GB PCIe NVMe M.2 SSD, this PC delivers quick boot times and responsive application loading. The included HP 125 Black Wired Keyboard and Mouse Combo provides immediate productivity. This all-in-one design saves valuable desk space, making it perfect for both home and office environments.</p>

<h3 data-start=""..."" data-end=""..."">Key Features</h3>
<ul>
	<li><p data-start=""..."" data-end=""...""><strong>Exceptional Performance</strong><br />Experience seamless computing with the Intel Core i7 1355U processor. This 13th generation CPU handles demanding tasks with ease. Coupled with 8GB of high-speed DDR4 3200MHz RAM, your applications run smoothly. The 512GB PCIe NVMe M.2 SSD offers blazing-fast storage. Enjoy rapid system boot-ups and quick file transfers for enhanced productivity throughout your day.</p></li>
	<li><p data-start=""..."" data-end=""...""><strong>Vivid Full HD Display</strong><br />Immerse yourself in stunning visuals on the large 27-inch Full HD (1920x1080) display. This screen provides crisp, clear images and vibrant colors. It is perfect for watching movies, editing photos, or tackling detailed work. The generous screen size enhances your viewing experience, reducing the need for multiple monitors and keeping your workspace tidy.</p></li>
	<li><p data-start=""..."" data-end=""...""><strong>Integrated Connectivity &amp; Peripherals</strong><br />Stay connected with Realtek RTL8852BE Wi-Fi 6 (2x2) and Bluetooth 5.3. These technologies ensure fast, reliable wireless connections. The HP True Vision 720p HD tilt privacy camera with temporal noise reduction is ideal for video calls. Integrated dual array digital microphones capture clear audio. Dual 2W speakers provide rich sound. Plus, an HP 125 Black Wired Keyboard and Mouse Combo are included for immediate use.</p></li>
	<li><p data-start=""..."" data-end=""...""><strong>Versatile Port Selection</strong><br />Connect all your essential devices with a comprehensive array of rear ports. You will find one USB Type-C 5Gbps signaling rate port for modern peripherals. Two USB Type-A 5Gbps signaling rate ports and two USB 2.0 Type-A ports offer ample connectivity. There is also a headphone/microphone combo jack, an RJ-45 Ethernet port, and an HDMI-out 1.4 port for external displays. This variety ensures you can connect everything you need.</p></li>
	<li><p data-start=""..."" data-end=""...""><strong>Space-Saving All-in-One Design</strong><br />The HP All-in-One 27-cr0086nh PC boasts a stylish Jet Black finish. Its integrated design combines the monitor and computer into one compact unit. This reduces cable clutter and frees up valuable desk space. It is an excellent choice for minimalist setups or crowded environments. Enjoy a clean and organized workspace without compromising on power or features.</p></li>
</ul>

<h3 data-start=""..."" data-end=""..."">Specifications</h3>
<h4><strong data-start=""..."" data-end=""..."">General</strong></h4>
<div class=""TyagGW_tableContainer"">
<div class=""group TyagGW_tableWrapper flex w-fit flex-col-reverse"">
<table class=""w-fit min-w-(--thread-content-width)"" data-start=""..."" data-end=""..."">
<thead>
<tr>
<th data-start=""..."" data-end=""..."" data-col-size=""sm""><strong data-start=""..."" data-end=""..."">Feature</strong></th>
<th data-start=""..."" data-end=""..."" data-col-size=""sm""><strong data-start=""..."" data-end=""..."">Specification</strong></th>
</tr>
</thead>
<tbody>
<tr>
<td data-start=""..."" data-end=""..."" data-col-size=""sm"">Model Number</td>
<td data-start=""..."" data-end=""..."" data-col-size=""sm"">27-cr0086nh</td>
</tr>
<tr>
<td data-start=""..."" data-end=""..."" data-col-size=""sm"">Part Number</td>
<td data-start=""..."" data-end=""..."" data-col-size=""sm"">91H75EA</td>
</tr>
<tr>
<td data-start=""..."" data-end=""..."" data-col-size=""sm"">Processor</td>
<td data-start=""..."" data-end=""..."" data-col-size=""sm"">Intel Core i7 1355U</td>
</tr>
<tr>
<td data-start=""..."" data-end=""..."" data-col-size=""sm"">RAM</td>
<td data-start=""..."" data-end=""..."" data-col-size=""sm"">8GB DDR4 3200MHz</td>
</tr>
<tr>
<td data-start=""..."" data-end=""..."" data-col-size=""sm"">Storage</td>
<td data-start=""..."" data-end=""..."" data-col-size=""sm"">512GB PCIe NVMe M.2 SSD</td>
</tr>
<tr>
<td data-start=""..."" data-end=""..."" data-col-size=""sm"">Operating System</td>
<td data-start=""..."" data-end=""..."" data-col-size=""sm"">FreeDOS</td>
</tr>
<tr>
<td data-start=""..."" data-end=""..."" data-col-size=""sm"">Display</td>
<td data-start=""..."" data-end=""..."" data-col-size=""sm"">27"" FHD (1920x1080)</td>
</tr>
<tr>
<td data-start=""..."" data-end=""..."" data-col-size=""sm"">Graphics</td>
<td data-start=""..."" data-end=""..."" data-col-size=""sm"">Integrated Intel Graphics</td>
</tr>
<tr>
<td data-start=""..."" data-end=""..."" data-col-size=""sm"">Wireless</td>
<td data-start=""..."" data-end=""..."" data-col-size=""sm"">Wi-Fi 6 (Realtek RTL8852BE 2x2), Bluetooth 5.3</td>
</tr>
<tr>
<td data-start=""..."" data-end=""..."" data-col-size=""sm"">Camera</td>
<td data-start=""..."" data-end=""..."" data-col-size=""sm"">HP True Vision 720p HD tilt privacy camera</td>
</tr>
<tr>
<td data-start=""..."" data-end=""..."" data-col-size=""sm"">Audio</td>
<td data-start=""..."" data-end=""..."" data-col-size=""sm"">Dual 2W Speakers, Integrated dual array digital microphones</td>
</tr>
<tr>
<td data-start=""..."" data-end=""..."" data-col-size=""sm"">Keyboard &amp; Mouse</td>
<td data-start=""..."" data-end=""..."" data-col-size=""sm"">HP 125 Black Wired Keyboard and Mouse Combo</td>
</tr>
<tr>
<td data-start=""..."" data-end=""..."" data-col-size=""sm"">Ports (Rear)</td>
<td data-start=""..."" data-end=""..."" data-col-size=""sm"">1x USB Type-C 5Gbps, 2x USB Type-A 5Gbps, 2x USB 2.0 Type-A, 1x Headphone/microphone combo, 1x RJ-45, 1x HDMI-out 1.4</td>
</tr>
<tr>
<td data-start=""..."" data-end=""..."" data-col-size=""sm"">Color</td>
<td data-start=""..."" data-end=""..."" data-col-size=""sm"">Jet Black</td>
</tr>
<tr>
<td data-start=""..."" data-end=""..."" data-col-size=""sm"">Warranty</td>
<td data-start=""..."" data-end=""..."" data-col-size=""sm"">1 Year Warranty from Seller</td>
</tr>
</tbody>
</table>
</div>
</div>

<h3 data-start=""..."" data-end=""..."">What’s in the Box</h3>
<ul>
	<li><p data-start=""..."" data-end=""..."">HP All-in-One 27-cr0086nh PC</p></li>
	<li><p data-start=""..."" data-end=""..."">HP 125 Black Wired Keyboard</p></li>
	<li><p data-start=""..."" data-end=""..."">HP 125 Black Wired Mouse</p></li>
	<li><p data-start=""..."" data-end=""..."">Power Adapter</p></li>
	<li><p data-start=""..."" data-end=""..."">Documentation</p></li>
</ul>

<h3 data-start=""..."" data-end=""..."">Why Choose the HP All-in-One 27-cr0086nh PC?</h3>
<ul>
	<li><p data-start=""..."" data-end=""...""><strong>Streamlined Workspace</strong><br />Its all-in-one form factor reduces clutter, creating a clean and organized desk. Enjoy a more productive and aesthetically pleasing environment with minimal cables.</p></li>
	<li><p data-start=""..."" data-end=""...""><strong>Powerful &amp; Responsive</strong><br />Equipped with a 13th Gen Intel Core i7 processor and fast SSD, this PC handles daily tasks, creative projects, and entertainment effortlessly. Multitask efficiently without slowdowns.</p></li>
	<li><p data-start=""..."" data-end=""...""><strong>Ready to Use</strong><br />Comes with a keyboard and mouse, so you can start working right out of the box. The FreeDOS operating system offers flexibility for installing your preferred OS.</p></li>
	<li><p data-start=""..."" data-end=""...""><strong>Reliable Connectivity</strong><br />Benefit from modern Wi-Fi 6 and Bluetooth 5.3 for stable connections. A wide range of ports supports all your peripherals and external displays.</p></li>
</ul>",,,taxable,,1,,0,0,,,,,1,,,110000,Computing > Desktop Computers > HP Desktops,HP | All-in-One PC | Desktop PC | Intel Core i7 | 13th Gen | 8GB RAM | 512GB SSD | 27 inch | FHD Display | FreeDOS | Wi-Fi 6 | Bluetooth 5.3 | Wired Keyboard Mouse | 91H75EA,,,,,,,,,,,0,Processor,Intel Core i7 1355U,1,0,RAM,8GB DDR4 3200MHz,1,0,Storage,512GB PCIe NVMe M.2 SSD,1,0,HP All-in-One PC,"HP All-in-One 27-cr0086nh PC: Intel Core i7, 8GB RAM, 512GB SSD, 27"" FHD display. With Wi-Fi 6, Bluetooth 5.3, and included keyboard/mouse. Price: 110000.0.",HP All-in-One 27-cr0086nh PC,HP All-in-One 27-cr0086nh PC - Product Image,High-quality image of HP All-in-One 27-cr0086nh PC showing design and features
simple,A99BMEA,"HP All-in-One 27-cr0154nh PC, Intel Core i7 1355U, 8GB RAM, 512GB SSD, 27"" FHD Touch",1,0,visible,"<h3 data-start=""..."" data-end=""..."">HP All-in-One 27-cr0154nh PC</h3>
<table>
<thead>
<tr>
<th></th>
<th></th>
</tr>
</thead>
<tbody>
<tr>
<td>Processor</td>
<td>Intel Core i7 1355U</td>
</tr>
<tr>
<td>RAM</td>
<td>8GB DDR4 3200</td>
</tr>
<tr>
<td>Storage</td>
<td>512GB PCIe NVMe M.2 SSD</td>
</tr>
<tr>
<td>Display</td>
<td>27"" FHD Touch Screen</td>
</tr>
<tr>
<td>Operating System</td>
<td>FreeDOS</td>
</tr>
<tr>
<td>Connectivity</td>
<td>Wi-Fi 6, Bluetooth 5.3</td>
</tr>
<tr>
<td>Peripherals</td>
<td>Wired Keyboard & Mouse</td>
</tr>
</tbody>
</table>","<h2 data-start=""..."" data-end=""..."">HP All-in-One 27-cr0154nh PC</h2>
<p data-start=""..."" data-end=""..."">Discover the perfect blend of performance and elegant design with the HP All-in-One 27-cr0154nh PC. This powerful desktop solution integrates all your computing needs into a single, sleek unit. Featuring a vibrant 27-inch Full HD touchscreen, it delivers an intuitive and immersive user experience. Powered by an Intel Core i7 1355U processor, 8GB DDR4 RAM, and a rapid 512GB PCIe NVMe M.2 SSD, this PC handles everyday tasks and multitasking with ease. Enjoy a clutter-free workspace and superior functionality.</p>

<h3 data-start=""..."" data-end=""..."">Key Features</h3>
<ul>
	<li><p data-start=""..."" data-end=""...""><strong>Exceptional Performance</strong><br />The HP All-in-One PC comes equipped with an Intel Core i7 1355U processor. This 13th generation CPU ensures smooth and efficient operation for all your applications. Paired with 8GB of high-speed DDR4 3200 RAM, it provides excellent multitasking capabilities. Experience quick boot times and rapid data access thanks to the spacious 512GB PCIe NVMe M.2 SSD. This combination empowers you to work, learn, and entertain without slowdowns.</p></li>
	<li><p data-start=""..."" data-end=""...""><strong>Immersive Touch Display</strong><br />Engage with your content on a stunning 27-inch Full HD touchscreen display. Its vibrant visuals bring photos, videos, and documents to life. The intuitive touch functionality offers a more interactive way to navigate your system. Enjoy crisp details and wide viewing angles, perfect for collaboration or personal entertainment. This display truly enhances your digital experience.</p></li>
	<li><p data-start=""..."" data-end=""...""><strong>Seamless Connectivity</strong><br />Stay connected with the integrated Realtek Wi-Fi 6 (1x1) and Bluetooth 5.3 wireless card. Enjoy faster, more reliable internet speeds and effortless pairing with wireless accessories. The PC also features a comprehensive array of rear ports. These include one USB Type-C (5Gbps), two USB Type-A (5Gbps), two USB 2.0 Type-A, and an RJ-45 Ethernet port. Connect all your essential devices with ease.</p></li>
	<li><p data-start=""..."" data-end=""...""><strong>Integrated Multimedia Experience</strong><br />This All-in-One PC includes an HP True Vision 720p HD tilt privacy camera. It features temporal noise reduction and integrated dual array digital microphones for clear video calls. Dual 2W speakers deliver crisp audio for your entertainment and communications. The tilt privacy camera ensures your privacy when not in use. This PC is ready for virtual meetings and immersive media playback.</p></li>
	<li><p data-start=""..."" data-end=""...""><strong>Ready-to-Use Peripherals</strong><br />Get started right away with the included HP 125 Black Wired Keyboard and Mouse. These reliable peripherals provide a comfortable and responsive input experience. Simply plug them in and begin working or browsing. The Shell White finish of the PC adds a touch of modern elegance to any space. Everything you need is in the box.</p></li>
</ul>

<h3 data-start=""..."" data-end=""..."">Specifications</h3>
<h4><strong data-start=""..."" data-end=""..."">General</strong></h4>
<div class=""TyagGW_tableContainer"">
<div class=""group TyagGW_tableWrapper flex w-fit flex-col-reverse"">
<table class=""w-fit min-w-(--thread-content-width)"" data-start=""..."" data-end=""..."">
<thead>
<tr>
<th data-start=""..."" data-end=""..."" data-col-size=""sm""><strong data-start=""..."" data-end=""..."">Feature</strong></th>
<th data-start=""..."" data-end=""..."" data-col-size=""sm""><strong data-start=""..."" data-end=""..."">Specification</strong></th>
</tr>
</thead>
<tbody>
<tr>
<td data-start=""..."" data-end=""..."" data-col-size=""sm"">Model No</td>
<td data-start=""..."" data-end=""..."" data-col-size=""sm"">A99BMEA</td>
</tr>
<tr>
<td data-start=""..."" data-end=""..."" data-col-size=""sm"">Processor</td>
<td data-start=""..."" data-end=""..."" data-col-size=""sm"">Intel Core i7 1355U</td>
</tr>
<tr>
<td data-start=""..."" data-end=""..."" data-col-size=""sm"">RAM</td>
<td data-start=""..."" data-end=""..."" data-col-size=""sm"">8GB DDR4 3200</td>
</tr>
<tr>
<td data-start=""..."" data-end=""..."" data-col-size=""sm"">Storage</td>
<td data-start=""..."" data-end=""..."" data-col-size=""sm"">512GB PCIe NVMe M.2 SSD</td>
</tr>
<tr>
<td data-start=""..."" data-end=""..."" data-col-size=""sm"">Operating System</td>
<td data-start=""..."" data-end=""..."" data-col-size=""sm"">FreeDOS</td>
</tr>
<tr>
<td data-start=""..."" data-end=""..."" data-col-size=""sm"">Display Size</td>
<td data-start=""..."" data-end=""..."" data-col-size=""sm"">27 inches</td>
</tr>
<tr>
<td data-start=""..."" data-end=""..."" data-col-size=""sm"">Display Type</td>
<td data-start=""..."" data-end=""..."" data-col-size=""sm"">FHD Touch Screen</td>
</tr>
<tr>
<td data-start=""..."" data-end=""..."" data-col-size=""sm"">Optical Drive</td>
<td data-start=""..."" data-end=""..."" data-col-size=""sm"">No ODD</td>
</tr>
<tr>
<td data-start=""..."" data-end=""..."" data-col-size=""sm"">Wireless Connectivity</td>
<td data-start=""..."" data-end=""..."" data-col-size=""sm"">Realtek Wi-Fi 6 (1x1), Bluetooth 5.3</td>
</tr>
<tr>
<td data-start=""..."" data-end=""..."" data-col-size=""sm"">Webcam</td>
<td data-start=""..."" data-end=""..."" data-col-size=""sm"">HP True Vision 720p HD tilt privacy camera</td>
</tr>
<tr>
<td data-start=""..."" data-end=""..."" data-col-size=""sm"">Audio</td>
<td data-start=""..."" data-end=""..."" data-col-size=""sm"">Dual 2W Speakers</td>
</tr>
<tr>
<td data-start=""..."" data-end=""..."" data-col-size=""sm"">Keyboard</td>
<td data-start=""..."" data-end=""..."" data-col-size=""sm"">HP 125 Black Wired Keyboard</td>
</tr>
<tr>
<td data-start=""..."" data-end=""..."" data-col-size=""sm"">Mouse</td>
<td data-start=""..."" data-end=""..."" data-col-size=""sm"">HP 125 Black Wired Mouse</td>
</tr>
<tr>
<td data-start=""..."" data-end=""..."" data-col-size=""sm"">Color</td>
<td data-start=""..."" data-end=""..."" data-col-size=""sm"">Shell White</td>
</tr>
<tr>
<td data-start=""..."" data-end=""..."" data-col-size=""sm"">Warranty</td>
<td data-start=""..."" data-end=""..."" data-col-size=""sm"">1 Year Warranty from Seller</td>
</tr>
</tbody>
</table>
</div>
</div>

<h3 data-start=""..."" data-end=""..."">Versatile Port Selection</h3>
<ul>
	<li><p data-start=""..."" data-end=""..."">The rear panel offers essential ports for all your peripheral needs. Connect external displays via HDMI-out 1.4 for expanded viewing. Use the RJ-45 port for a stable wired network connection. Multiple USB ports ensure compatibility with various accessories. This comprehensive selection supports a wide range of devices.</p></li>
	<li><p data-start=""..."" data-end=""..."">Included are one USB Type-C 5Gbps signaling rate port and two USB Type-A 5Gbps signaling rate ports for high-speed data transfer. Additionally, two USB 2.0 Type-A ports provide further connectivity options. A convenient headphone/microphone combo jack allows for easy audio connections. All ports are strategically placed for easy access.</p></li>
</ul>

<h3 data-start=""..."" data-end=""..."">What’s in the Box</h3>
<ul>
	<li><p data-start=""..."" data-end=""..."">HP All-in-One 27-cr0154nh PC</p></li>
	<li><p data-start=""..."" data-end=""..."">HP 125 Black Wired Keyboard</p></li>
	<li><p data-start=""..."" data-end=""..."">HP 125 Black Wired Mouse</p></li>
	<li><p data-start=""..."" data-end=""..."">Power adapter</p></li>
</ul>

<h3 data-start=""..."" data-end=""..."">Why Choose the HP All-in-One 27-cr0154nh PC</h3>
<ul>
	<li><p data-start=""..."" data-end=""..."">Enjoy a sleek, space-saving design that integrates powerful computing into a single unit. It reduces cable clutter and frees up valuable desk space. Perfect for modern homes and offices.</p></li>
	<li><p data-start=""..."" data-end=""..."">Benefit from robust performance with an Intel Core i7 processor and fast SSD storage. This ensures smooth operation for productivity, entertainment, and everyday tasks. Handle demanding applications with confidence.</p></li>
	<li><p data-start=""..."" data-end=""..."">Experience intuitive interaction with the responsive 27-inch Full HD touchscreen. Its vibrant display makes everything look better. Enhance your workflow and leisure activities.</p></li>
	<li><p data-start=""..."" data-end=""..."">Gain peace of mind with a 1-year warranty from the seller. This provides support and protection for your investment. Choose reliability and customer service.</p></li>
</ul>",,,taxable,,1,,0,0,,,,,1,,,120000,Computing > Desktop Computers > HP Desktops,HP | All-in-One PC | 27-cr0154nh | Intel Core i7 | 13th Gen | 8GB DDR4 | 512GB SSD | Touch Screen | FreeDOS | Wi-Fi 6 | Bluetooth 5.3 | Wired Keyboard | Wired Mouse | 27 inch | FHD | HP True Vision | Desktop PC,,,,,,,,,,,0,Processor,Intel Core i7 1355U,1,0,RAM,8GB DDR4 3200,1,0,Storage,512GB PCIe NVMe M.2 SSD,1,0,HP All-in-One PC,"Experience power and versatility with the HP All-in-One 27-cr0154nh PC. Featuring an Intel Core i7, 8GB RAM, 512GB SSD, and a 27"" FHD touchscreen. Boost productivity today! Price: 120000.0.","HP All-in-One 27-cr0154nh PC, Intel Core i7 1355U, 8GB RAM, 512GB SSD, 27"" FHD Touch","HP All-in-One 27-cr0154nh PC, Intel Core i7 1355U, 8GB RAM, 512GB SSD, 27"" FHD Touch - Product Image","High-quality image of HP All-in-One 27-cr0154nh PC, Intel Core i7 1355U, 8GB RAM, 512GB SSD, 27"" FHD Touch showing design and features"
simple,A99BNEA,HP All-in-One 27-cr0155nh PC,1,0,visible,"<h3 data-start=""..."" data-end=""..."">HP All-in-One 27-cr0155nh PC</h3>
<table>
<thead>
<tr>
<th></th>
<th></th>
</tr>
</thead>
<tbody>
<tr>
<td>Processor</td>
<td>Intel Core i7 1355U</td>
</tr>
<tr>
<td>RAM</td>
<td>8GB DDR4 3200</td>
</tr>
<tr>
<td>Storage</td>
<td>512GB PCIe NVMe M.2 SSD</td>
</tr>
<tr>
<td>Display</td>
<td>27"" FHD Touch Screen</td>
</tr>
<tr>
<td>Operating System</td>
<td>FreeDOS</td>
</tr>
<tr>
<td>Connectivity</td>
<td>Wi-Fi 6, Bluetooth 5.3</td>
</tr>
<tr>
<td>Includes</td>
<td>Wired Keyboard & Mouse</td>
</tr>
<tr>
<td>Warranty</td>
<td>1 Year from Seller</td>
</tr>
</tbody>
</table>","<h2 data-start=""..."" data-end=""..."">HP All-in-One 27-cr0155nh PC</h2>
<p data-start=""..."" data-end=""..."">The HP All-in-One 27-cr0155nh PC delivers powerful computing in a sleek, integrated design. This versatile desktop features a vibrant 27-inch Full HD touch screen. It combines performance, style, and convenience for your home or office. Experience seamless multitasking and intuitive interaction with this modern solution. Enjoy a clutter-free workspace with its all-in-one form factor.</p>

<h3 data-start=""..."" data-end=""..."">Key Features</h3>
<ul>
	<li><p data-start=""..."" data-end=""...""><strong>Exceptional Performance</strong><br />The Intel Core i7 1355U processor powers through demanding tasks. Enjoy smooth operation and quick responsiveness for all your applications. 8GB of DDR4 3200 RAM ensures efficient multitasking. A rapid 512GB PCIe NVMe M.2 SSD provides ample storage and lightning-fast boot times.</p></li>
	<li><p data-start=""..."" data-end=""...""><strong>Immersive Touch Display</strong><br />Interact effortlessly with the expansive 27-inch Full HD touch screen. This vibrant display offers crisp visuals and intuitive control. It is perfect for creative work, entertainment, or everyday tasks. Experience a new level of engagement with your content.</p></li>
	<li><p data-start=""..."" data-end=""...""><strong>Seamless Connectivity</strong><br />Stay connected with Realtek Wi-Fi 6 (1x1) for fast wireless speeds. Bluetooth 5.3 ensures reliable connections to your accessories. Multiple rear ports include one USB Type-C 5Gbps, two USB Type-A 5Gbps, and two USB 2.0 Type-A. An RJ-45 port provides stable wired networking. Connect to external displays via the HDMI-out 1.4 port.</p></li>
	<li><p data-start=""..."" data-end=""...""><strong>Integrated Privacy &amp; Audio</strong><br />The HP True Vision 720p HD tilt privacy camera protects your personal space. It features temporal noise reduction and integrated dual array digital microphones for clear communication. Dual 2W speakers deliver rich audio for calls, music, and videos.</p></li>
	<li><p data-start=""..."" data-end=""...""><strong>Ready for Productivity</strong><br />This PC comes complete with an HP 125 Black Wired Keyboard and Mouse Combo. You can start working or playing right out of the box. Its FreeDOS operating system offers flexibility for your preferred software.</p></li>
	<li><p data-start=""..."" data-end=""...""><strong>Sleek, Space-Saving Design</strong><br />The Jet Black finish adds a touch of elegance to any environment. Its all-in-one design minimizes cable clutter. This creates a clean and organized desk setup. Enjoy maximum functionality with minimal footprint.</p></li>
</ul>

<h3 data-start=""..."" data-end=""..."">Specifications</h3>
<h4><strong data-start=""..."" data-end=""..."">General</strong></h4>
<div class=""TyagGW_tableContainer"">
<div class=""group TyagGW_tableWrapper flex w-fit flex-col-reverse"">
<table class=""w-fit min-w-(--thread-content-width)"" data-start=""..."" data-end=""..."">
<thead>
<tr>
<th data-start=""..."" data-end=""..."" data-col-size=""sm""><strong data-start=""..."" data-end=""..."">Feature</strong></th>
<th data-start=""..."" data-end=""..."" data-col-size=""sm""><strong data-start=""..."" data-end=""..."">Specification</strong></th>
</tr>
</thead>
<tbody>
<tr>
<td data-start=""..."" data-end=""..."" data-col-size=""sm"">Processor</td>
<td data-start=""..."" data-end=""..."" data-col-size=""sm"">Intel Core i7 1355U</td>
</tr>
<tr>
<td data-start=""..."" data-end=""..."" data-col-size=""sm"">RAM</td>
<td data-start=""..."" data-end=""..."" data-col-size=""sm"">8GB DDR4 3200</td>
</tr>
<tr>
<td data-start=""..."" data-end=""..."" data-col-size=""sm"">Storage</td>
<td data-start=""..."" data-end=""..."" data-col-size=""sm"">512GB PCIe NVMe M.2 SSD</td>
</tr>
<tr>
<td data-start=""..."" data-end=""..."" data-col-size=""sm"">Display</td>
<td data-start=""..."" data-end=""..."" data-col-size=""sm"">27"" FHD Touch Screen</td>
</tr>
<tr>
<td data-start=""..."" data-end=""..."" data-col-size=""sm"">Operating System</td>
<td data-start=""..."" data-end=""..."" data-col-size=""sm"">FreeDOS</td>
</tr>
<tr>
<td data-start=""..."" data-end=""..."" data-col-size=""sm"">Optical Drive</td>
<td data-start=""..."" data-end=""..."" data-col-size=""sm"">No ODD</td>
</tr>
<tr>
<td data-start=""..."" data-end=""..."" data-col-size=""sm"">Wireless Connectivity</td>
<td data-start=""..."" data-end=""..."" data-col-size=""sm"">Realtek Wi-Fi 6 (1x1) and Bluetooth 5.3</td>
</tr>
<tr>
<td data-start=""..."" data-end=""..."" data-col-size=""sm"">Camera</td>
<td data-start=""..."" data-end=""..."" data-col-size=""sm"">HP True Vision 720p HD tilt privacy camera</td>
</tr>
<tr>
<td data-start=""..."" data-end=""..."" data-col-size=""sm"">Audio</td>
<td data-start=""..."" data-end=""..."" data-col-size=""sm"">Dual 2W Speakers</td>
</tr>
<tr>
<td data-start=""..."" data-end=""..."" data-col-size=""sm"">Input Devices</td>
<td data-start=""..."" data-end=""..."" data-col-size=""sm"">HP 125 Black Wired Keyboard and Mouse Combo</td>
</tr>
<tr>
<td data-start=""..."" data-end=""..."" data-col-size=""sm"">Color</td>
<td data-start=""..."" data-end=""..."" data-col-size=""sm"">Jet Black</td>
</tr>
<tr>
<td data-start=""..."" data-end=""..."" data-col-size=""sm"">Warranty</td>
<td data-start=""..."" data-end=""..."" data-col-size=""sm"">1 Year from Seller</td>
</tr>
<tr>
<td data-start=""..."" data-end=""..."" data-col-size=""sm"">Rear Ports</td>
<td data-start=""..."" data-end=""..."" data-col-size=""sm"">1x USB Type-C 5Gbps, 2x USB Type-A 5Gbps, 2x USB 2.0 Type-A, 1x Headphone/Mic Combo, 1x RJ-45, 1x HDMI-out 1.4</td>
</tr>
</tbody>
</table>
</div>
</div>

<h3 data-start=""..."" data-end=""..."">What’s in the Box</h3>
<ul>
	<li><p data-start=""..."" data-end=""..."">HP All-in-One 27-cr0155nh PC</p></li>
	<li><p data-start=""..."" data-end=""..."">HP 125 Black Wired Keyboard</p></li>
	<li><p data-start=""..."" data-end=""..."">HP 125 Black Wired Mouse</p></li>
	<li><p data-start=""..."" data-end=""..."">Power Adapter</p></li>
	<li><p data-start=""..."" data-end=""..."">Quick Start Guide</p></li>
</ul>

<h3 data-start=""..."" data-end=""..."">Why Choose HP All-in-One 27-cr0155nh PC</h3>
<ul>
	<li><p data-start=""..."" data-end=""..."">Enjoy a clutter-free and elegant workspace with its integrated design.</p></li>
	<li><p data-start=""..."" data-end=""..."">Boost your productivity with a powerful Intel Core i7 processor and fast SSD storage.</p></li>
	<li><p data-start=""..."" data-end=""..."">Experience intuitive interaction and vibrant visuals on the 27"" Full HD touch screen.</p></li>
	<li><p data-start=""..."" data-end=""..."">Benefit from enhanced security with a privacy camera and robust connectivity options.</p></li>
	<li><p data-start=""..."" data-end=""..."">Gain peace of mind with a reliable HP product backed by a 1-year seller warranty.</p></li>
</ul>",,,taxable,,1,,0,0,,,,,1,,,120000,Computing > Desktop Computers > HP Desktops,HP | All-in-One PC | AIO | 27-cr0155nh | Intel Core i7 | 13th Gen | 8GB RAM | 512GB SSD | 27 inch | FHD Touch Screen | FreeDOS | Wi-Fi 6 | Bluetooth 5.3 | Desktop | HP Desktop,,,,,,,,,,,0,Processor,Intel Core i7 1355U,1,0,RAM,8GB DDR4 3200,1,0,Storage,512GB PCIe NVMe M.2 SSD,1,0,HP All-in-One PC,"Experience the HP All-in-One 27-cr0155nh PC. Features Intel Core i7, 8GB RAM, 512GB SSD, and a 27"" FHD touch screen for seamless productivity. Get yours for 120000.0.",HP All-in-One 27-cr0155nh PC,HP All-in-One 27-cr0155nh PC - Product Image,High-quality image of HP All-in-One 27-cr0155nh PC showing design and features
simple,A55LTET,"HP Pro Tower 290 G9 Desktop PC with HP Series 3 Pro 21.45"" FHD Monitor",1,0,visible,"<h3 data-start=""..."" data-end=""..."">HP Pro Tower 290 G9 Desktop PC with HP Series 3 Pro 21.45"" FHD Monitor</h3>
<table>
<thead>
<tr>
<th></th>
<th></th>
</tr>
</thead>
<tbody>
<tr>
<td>Processor</td>
<td>Intel Core i3 13100</td>
</tr>
<tr>
<td>RAM</td>
<td>8GB DDR4 3200</td>
</tr>
<tr>
<td>Storage</td>
<td>512GB PCIe NVMe M.2 SSD</td>
</tr>
<tr>
<td>Monitor</td>
<td>21.45"" FHD Display</td>
</tr>
<tr>
<td>Operating System</td>
<td>FreeDOS</td>
</tr>
<tr>
<td>Connectivity</td>
<td>Wi-Fi 6, Bluetooth 5.3</td>
</tr>
<tr>
<td>Optical Drive</td>
<td>DVD-Writer</td>
</tr>
</tbody>
</table>","<h2 data-start=""..."" data-end=""..."">HP Pro Tower 290 G9 Desktop PC with HP Series 3 Pro 21.45"" FHD Monitor</h2>
<p data-start=""..."" data-end=""..."">The HP Pro Tower 290 G9 Desktop PC delivers essential performance for your daily tasks. It combines a powerful 13th Gen Intel Core i3 processor with a vibrant HP Series 3 Pro 21.45"" FHD Monitor. This bundle offers a complete computing solution for your home or office. Experience reliable operation and efficient multitasking from day one. Get started right out of the box with all necessary peripherals included.</p>

<h3 data-start=""..."" data-end=""..."">Key Features</h3>
<ul>
	<li><p data-start=""..."" data-end=""...""><strong>Powerful 13th Gen Intel Core i3 Processor</strong><br />Experience responsive and efficient computing. The Intel Core i3 13100 CPU handles everyday applications with remarkable ease. Enjoy smooth browsing, effortless document editing, and light multimedia tasks. This processor provides excellent efficiency for sustained productivity throughout your workday.</p></li>
	<li><p data-start=""..."" data-end=""...""><strong>Ample Memory and Fast Storage</strong><br />Multitask effortlessly with 8GB of DDR4 3200 RAM. Quickly access your files and applications without slowdowns. The 512GB PCIe NVMe M.2 SSD ensures lightning-fast boot times. It also offers rapid data transfers for all your projects. Store all your important documents, photos, and software with confidence.</p></li>
	<li><p data-start=""..."" data-end=""...""><strong>Vivid HP Series 3 Pro 21.45"" FHD Monitor</strong><br />Enhance your visual experience with the included display. The 21.45-inch Full HD monitor offers crisp, clear images. Enjoy vibrant colors and sharp details for both work and entertainment. Its compact size fits perfectly on any desk, optimizing your workspace.</p></li>
	<li><p data-start=""..."" data-end=""...""><strong>Integrated Wi-Fi 6 &amp; Bluetooth 5.3</strong><br />Stay connected wirelessly with advanced technology. The Realtek Wi-Fi 6 RTL8852BE provides fast and stable internet access. Bluetooth 5.3 allows seamless connection to all your peripherals. Link your headphones, speakers, or other compatible devices effortlessly for a clutter-free setup.</p></li>
	<li><p data-start=""..."" data-end=""...""><strong>Comprehensive Port Selection</strong><br />Connect all your essential devices with ease. Front ports include four USB Type-A 5Gbps signaling rate ports. A convenient headphone/microphone combo jack is also present. Rear ports feature four USB 2.0 Type-A, one HDMI, one RJ-45 Ethernet port, and one VGA output. Power connectivity and audio line-in/out complete the versatile setup.</p></li>
	<li><p data-start=""..."" data-end=""...""><strong>Included Peripherals and Optical Drive</strong><br />Begin working immediately without extra purchases. The HP 125 Wired Keyboard and Mouse offer comfortable and reliable input. A 9.5 mm Slim DVD-Writer is also integrated into the system. This allows for convenient disc reading and writing capabilities for legacy media.</p></li>
	<li><p data-start=""..."" data-end=""...""><strong>Reliable HP Quality with 1-Year Warranty</strong><br />Trust in HP's renowned build quality and durability. This desktop PC comes with a comprehensive 1-year warranty. Enjoy peace of mind knowing you have dedicated support. Invest in a system designed for long-term performance and reliability.</p></li>
</ul>

<h3 data-start=""..."" data-end=""..."">Specifications</h3>
<h4><strong data-start=""..."" data-end=""..."">General</strong></h4>
<div class=""TyagGW_tableContainer"">
<div class=""group TyagGW_tableWrapper flex w-fit flex-col-reverse"">
<table class=""w-fit min-w-(--thread-content-width)"" data-start=""..."" data-end=""..."">
<thead>
<tr>
<th data-start=""..."" data-end=""..."" data-col-size=""sm""><strong data-start=""..."" data-end=""..."">Feature</strong></th>
<th data-start=""..."" data-end=""..."" data-col-size=""sm""><strong data-start=""..."" data-end=""..."">Specification</strong></th>
</tr>
</thead>
<tbody>
<tr>
<td data-start=""..."" data-end=""..."" data-col-size=""sm"">Model No.</td>
<td data-start=""..."" data-end=""..."" data-col-size=""sm"">A55LTET</td>
</tr>
<tr>
<td data-start=""..."" data-end=""..."" data-col-size=""sm"">Processor</td>
<td data-start=""..."" data-end=""..."" data-col-size=""sm"">Intel Core i3 13100 (13th Gen)</td>
</tr>
<tr>
<td data-start=""..."" data-end=""..."" data-col-size=""sm"">RAM</td>
<td data-start=""..."" data-end=""..."" data-col-size=""sm"">8GB DDR4 3200</td>
</tr>
<tr>
<td data-start=""..."" data-end=""..."" data-col-size=""sm"">Storage</td>
<td data-start=""..."" data-end=""..."" data-col-size=""sm"">512GB PCIe NVMe M.2 SSD</td>
</tr>
<tr>
<td data-start=""..."" data-end=""..."" data-col-size=""sm"">Operating System</td>
<td data-start=""..."" data-end=""..."" data-col-size=""sm"">FreeDOS</td>
</tr>
<tr>
<td data-start=""..."" data-end=""..."" data-col-size=""sm"">Optical Drive</td>
<td data-start=""..."" data-end=""..."" data-col-size=""sm"">HP 9.5 mm Slim DVD-Writer</td>
</tr>
<tr>
<td data-start=""..."" data-end=""..."" data-col-size=""sm"">Wireless</td>
<td data-start=""..."" data-end=""..."" data-col-size=""sm"">Realtek Wi-Fi 6 RTL8852BE (2x2)</td>
</tr>
<tr>
<td data-start=""..."" data-end=""..."" data-col-size=""sm"">Bluetooth</td>
<td data-start=""..."" data-end=""..."" data-col-size=""sm"">Bluetooth 5.3</td>
</tr>
<tr>
<td data-start=""..."" data-end=""..."" data-col-size=""sm"">Keyboard</td>
<td data-start=""..."" data-end=""..."" data-col-size=""sm"">HP 125 Wired Keyboard</td>
</tr>
<tr>
<td data-start=""..."" data-end=""..."" data-col-size=""sm"">Mouse</td>
<td data-start=""..."" data-end=""..."" data-col-size=""sm"">HP 125 Wired Mouse</td>
</tr>
<tr>
<td data-start=""..."" data-end=""..."" data-col-size=""sm"">Monitor Included</td>
<td data-start=""..."" data-end=""..."" data-col-size=""sm"">HP Series 3 Pro 21.45"" FHD Monitor</td>
</tr>
<tr>
<td data-start=""..."" data-end=""..."" data-col-size=""sm"">Warranty</td>
<td data-start=""..."" data-end=""..."" data-col-size=""sm"">1 Year</td>
</tr>
</tbody>
</table>
</div>
</div>

<h3 data-start=""..."" data-end=""..."">Ports &amp; Security</h3>
<ul>
	<li><p data-start=""..."" data-end=""...""><strong>Front Ports</strong><br />Four USB Type-A 5Gbps signaling rate, One Headphone/microphone combo for easy access.</p></li>
	<li><p data-start=""..."" data-end=""...""><strong>Rear Ports</strong><br />Four USB 2.0 Type-A, One HDMI, One RJ-45 Ethernet, One VGA, One Power Connector, One line in, One line out for comprehensive connectivity.</p></li>
	<li><p data-start=""..."" data-end=""...""><strong>Security Features</strong><br />Includes a Slim Cable Lock slot to help secure your desktop PC.</p></li>
</ul>

<h3 data-start=""..."" data-end=""..."">What’s in the Box</h3>
<ul>
	<li><p data-start=""..."" data-end=""..."">HP Pro Tower 290 G9 Desktop PC (A55LTET)</p></li>
	<li><p data-start=""..."" data-end=""..."">HP Series 3 Pro 21.45"" FHD Monitor</p></li>
	<li><p data-start=""..."" data-end=""..."">HP 125 Wired Keyboard</p></li>
	<li><p data-start=""..."" data-end=""..."">HP 125 Wired Mouse</p></li>
	<li><p data-start=""..."" data-end=""..."">Power Cable(s)</p></li>
	<li><p data-start=""..."" data-end=""..."">Documentation and Setup Guide</p></li>
</ul>

<h3 data-start=""..."" data-end=""..."">Why Choose the HP Pro Tower 290 G9 Bundle</h3>
<ul>
	<li><p data-start=""..."" data-end=""...""><strong>Complete Workstation Solution</strong><br />Get everything you need in one convenient package. This bundle includes a powerful PC and a high-quality monitor. It is perfect for immediate productivity, whether for work or study.</p></li>
	<li><p data-start=""..."" data-end=""...""><strong>Enhanced Productivity</strong><br />The fast 13th Gen Intel Core i3 processor and ample 8GB RAM ensure smooth performance. Tackle your daily tasks without frustrating slowdowns. The rapid SSD provides quick access to all your files and applications.</p></li>
	<li><p data-start=""..."" data-end=""...""><strong>Clear Visuals</strong><br />The Full HD monitor delivers excellent clarity and vibrant colors. Enjoy comfortable viewing for all your applications, documents, and multimedia. It significantly enhances both your work and entertainment experiences.</p></li>
	<li><p data-start=""..."" data-end=""...""><strong>Reliable Brand</strong><br />HP is globally recognized for its durable and dependable products. Invest in a system built to last, offering long-term value. Benefit from professional support and a solid 1-year warranty for peace of mind.</p></li>
</ul>",,,taxable,,0,,0,0,,,,,1,,,,Computing > Desktop Computers > HP Desktops | Computing > Computing Monitors > HP Monitors,HP | Pro Tower 290 G9 | Desktop PC | Intel Core i3 13100 | 8GB DDR4 | 512GB SSD | FreeDOS | Wi-Fi 6 | Bluetooth 5.3 | 21.45 inch FHD Monitor | Wired Keyboard | Wired Mouse | Business Desktop | Office PC,,,,,,,,,,,0,Processor,Intel Core i3 13100,1,0,RAM,8GB DDR4 3200,1,0,Storage,512GB PCIe NVMe M.2 SSD,1,0,HP Pro Tower 290 G9 Desktop PC,"Get the HP Pro Tower 290 G9 Desktop PC with Intel Core i3, 8GB RAM, 512GB SSD, and a 21.45"" FHD monitor. Perfect for office and home tasks with Wi-Fi 6.","HP Pro Tower 290 G9 Desktop PC with HP Series 3 Pro 21.45"" FHD Monitor","HP Pro Tower 290 G9 Desktop PC with HP Series 3 Pro 21.45"" FHD Monitor - Product Image","High-quality image of HP Pro Tower 290 G9 Desktop PC with HP Series 3 Pro 21.45"" FHD Monitor showing design and features"
simple,A54XGET,"HP Pro Tower 290 G9 Desktop PC (i5-13500, 8GB RAM, 512GB SSD, FreeDOS)",1,0,visible,"<h3 data-start=""..."" data-end=""..."">HP Pro Tower 290 G9 Desktop PC (A54XGET)</h3>
<table>
<thead>
<tr>
<th></th>
<th></th>
</tr>
</thead>
<tbody>
<tr>
<td>Processor</td>
<td>Intel Core i5 13500</td>
</tr>
<tr>
<td>RAM</td>
<td>8GB DDR4 3200MHz</td>
</tr>
<tr>
<td>Storage</td>
<td>512GB PCIe NVMe M.2 SSD</td>
</tr>
<tr>
<td>Operating System</td>
<td>FreeDOS</td>
</tr>
<tr>
<td>Wireless</td>
<td>Wi-Fi 6, Bluetooth 5.3</td>
</tr>
<tr>
<td>Included Peripherals</td>
<td>HP 125 Wired Keyboard & Mouse</td>
</tr>
<tr>
<td>Warranty</td>
<td>1 Year</td>
</tr>
</tbody>
</table>","<h2 data-start=""..."" data-end=""..."">HP Pro Tower 290 G9 Desktop PC (i5-13500, 8GB RAM, 512GB SSD, FreeDOS)</h2>
<p data-start=""..."" data-end=""..."">The HP Pro Tower 290 G9 Desktop PC delivers essential computing power for your business or home office. It features a robust 13th Gen Intel Core i5 processor. This desktop ensures smooth multitasking and efficient performance. With ample memory and fast SSD storage, your applications load quickly. You can store important files without delay. This PC also offers modern connectivity options. It comes with a full set of peripherals, ready for immediate use.</p>

<h3 data-start=""..."" data-end=""..."">Key Features</h3>
<ul>
	<li><p data-start=""..."" data-end=""...""><strong>Powerful 13th Gen Intel Core i5 Processor</strong><br />Experience exceptional speed with the Intel Core i5 13500 processor. This 13th generation CPU handles demanding tasks effortlessly. It provides reliable performance for everyday computing. Enjoy seamless multitasking and efficient workflow across applications.</p></li>
	<li><p data-start=""..."" data-end=""...""><strong>Rapid Memory and Storage</strong><br />Equipped with 8GB of DDR4 3200MHz RAM, this desktop ensures smooth operation. It allows you to run multiple applications simultaneously without lag. The 512GB PCIe NVMe M.2 SSD offers lightning-fast boot times. It also significantly reduces application loading speeds. Access your data quickly and efficiently for enhanced productivity.</p></li>
	<li><p data-start=""..."" data-end=""...""><strong>Versatile Connectivity Options</strong><br />Stay connected with Realtek Wi-Fi 6 and Bluetooth 5.3. Enjoy high-speed wireless networking and seamless peripheral pairing. The PC also features a wide array of ports for all your devices. These include multiple USB Type-A ports for various accessories. HDMI and VGA outputs support dual display setups for expanded workspaces. An RJ-45 port ensures stable wired network access.</p></li>
	<li><p data-start=""..."" data-end=""...""><strong>Productivity-Ready Peripherals Included</strong><br />Start working immediately with the included HP 125 Wired Keyboard and Mouse. These reliable peripherals provide comfort and precision for daily use. They are designed to meet your everyday computing needs. This saves you the hassle and cost of purchasing separate accessories.</p></li>
	<li><p data-start=""..."" data-end=""...""><strong>Flexible FreeDOS Operating System</strong><br />The HP Pro Tower 290 G9 comes pre-installed with FreeDOS. This allows you complete freedom to install your preferred operating system. Choose Windows, Linux, or another OS that suits your specific needs. This offers great customization potential for your computing environment.</p></li>
</ul>

<h3 data-start=""..."" data-end=""..."">Specifications</h3>
<h4><strong data-start=""..."" data-end=""..."">General</strong></h4>
<div class=""TyagGW_tableContainer"">
<div class=""group TyagGW_tableWrapper flex w-fit flex-col-reverse"">
<table class=""w-fit min-w-(--thread-content-width)"" data-start=""..."" data-end=""..."">
<thead>
<tr>
<th data-start=""..."" data-end=""..."" data-col-size=""sm""><strong data-start=""..."" data-end=""..."">Feature</strong></th>
<th data-start=""..."" data-end=""..."" data-col-size=""sm""><strong data-start=""..."" data-end=""..."">Specification</strong></th>
</tr>
</thead>
<tbody>
<tr>
<td data-start=""..."" data-end=""..."" data-col-size=""sm"">Model</td>
<td data-start=""..."" data-end=""..."" data-col-size=""sm"">HP Pro Tower 290 G9 Desktop PC (A54XGET)</td>
</tr>
<tr>
<td data-start=""..."" data-end=""..."" data-col-size=""sm"">Processor</td>
<td data-start=""..."" data-end=""..."" data-col-size=""sm"">Intel Core i5 13500 (13th Gen)</td>
</tr>
<tr>
<td data-start=""..."" data-end=""..."" data-col-size=""sm"">RAM</td>
<td data-start=""..."" data-end=""..."" data-col-size=""sm"">8GB DDR4 3200MHz</td>
</tr>
<tr>
<td data-start=""..."" data-end=""..."" data-col-size=""sm"">Storage</td>
<td data-start=""..."" data-end=""..."" data-col-size=""sm"">512GB PCIe NVMe M.2 SSD</td>
</tr>
<tr>
<td data-start=""..."" data-end=""..."" data-col-size=""sm"">Operating System</td>
<td data-start=""..."" data-end=""..."" data-col-size=""sm"">FreeDOS</td>
</tr>
<tr>
<td data-start=""..."" data-end=""..."" data-col-size=""sm"">Optical Drive</td>
<td data-start=""..."" data-end=""..."" data-col-size=""sm"">No ODD</td>
</tr>
<tr>
<td data-start=""..."" data-end=""..."" data-col-size=""sm"">Wireless Connectivity</td>
<td data-start=""..."" data-end=""..."" data-col-size=""sm"">Realtek Wi-Fi 6 RTL8852BE (2x2) and Bluetooth® 5.3</td>
</tr>
<tr>
<td data-start=""..."" data-end=""..."" data-col-size=""sm"">Front Ports</td>
<td data-start=""..."" data-end=""..."" data-col-size=""sm"">4x USB Type-A 5Gbps signaling rate, 1x Headphone/microphone combo</td>
</tr>
<tr>
<td data-start=""..."" data-end=""..."" data-col-size=""sm"">Rear Ports</td>
<td data-start=""..."" data-end=""..."" data-col-size=""sm"">4x USB 2.0 Type-A, 1x HDMI, 1x RJ-45, 1x VGA, 1x Power Connector, 1x Line in, 1x Line out</td>
</tr>
<tr>
<td data-start=""..."" data-end=""..."" data-col-size=""sm"">Included Peripherals</td>
<td data-start=""..."" data-end=""..."" data-col-size=""sm"">HP 125 Wired Keyboard & Mouse</td>
</tr>
<tr>
<td data-start=""..."" data-end=""..."" data-col-size=""sm"">Security</td>
<td data-start=""..."" data-end=""..."" data-col-size=""sm"">Slim Cable Lock</td>
</tr>
<tr>
<td data-start=""..."" data-end=""..."" data-col-size=""sm"">Color</td>
<td data-start=""..."" data-end=""..."" data-col-size=""sm"">Black</td>
</tr>
<tr>
<td data-start=""..."" data-end=""..."" data-col-size=""sm"">Warranty</td>
<td data-start=""..."" data-end=""..."" data-col-size=""sm"">1 Year</td>
</tr>
</tbody>
</table>
</div>
</div>

<h3 data-start=""..."" data-end=""..."">Comprehensive Connectivity</h3>
<ul>
	<li><p data-start=""..."" data-end=""...""><strong>Front-Facing Convenience</strong><br />The front panel offers four USB Type-A 5Gbps signaling rate ports. These are perfect for quick access to external drives or flash storage. A headphone/microphone combo jack provides easy audio connections for headsets and microphones.</p></li>
	<li><p data-start=""..."" data-end=""...""><strong>Extensive Rear Ports</strong><br />The rear panel includes four USB 2.0 Type-A ports for legacy devices. You will find dedicated HDMI and VGA outputs for versatile display connections. An RJ-45 port ensures robust wired internet access. Separate line-in and line-out audio jacks offer more audio flexibility. A power connector completes the setup, making this PC highly adaptable.</p></li>
</ul>

<h3 data-start=""..."" data-end=""..."">What’s in the Box</h3>
<ul>
	<li><p data-start=""..."" data-end=""..."">HP Pro Tower 290 G9 Desktop PC (A54XGET)</p></li>
	<li><p data-start=""..."" data-end=""..."">HP 125 Wired Keyboard</p></li>
	<li><p data-start=""..."" data-end=""..."">HP 125 Wired Mouse</p></li>
	<li><p data-start=""..."" data-end=""..."">Power Cable</p></li>
	<li><p data-start=""..."" data-end=""..."">Documentation</p></li>
</ul>

<h3 data-start=""..."" data-end=""..."">Why Choose the HP Pro Tower 290 G9</h3>
<ul>
	<li><p data-start=""..."" data-end=""..."">Achieve consistent, high-level performance for all your daily tasks with a powerful Intel processor.</p></li>
	<li><p data-start=""..."" data-end=""..."">Benefit from fast boot-up times and quick file access with advanced SSD storage.</p></li>
	<li><p data-start=""..."" data-end=""..."">Connect all your essential devices effortlessly with a wide range of ports and modern wireless options.</p></li>
	<li><p data-start=""..."" data-end=""..."">Enjoy immediate productivity with a reliable keyboard and mouse conveniently included.</p></li>
	<li><p data-start=""..."" data-end=""..."">Customize your operating system to perfectly match your workflow requirements with FreeDOS.</p></li>
</ul>",,,taxable,,1,,0,0,,,,,1,,,56000,Computing > HP Desktops,HP | Desktop PC | Pro Tower 290 G9 | Intel Core i5 | i5-13500 | 8GB DDR4 | 512GB SSD | FreeDOS | Wi-Fi 6 | Bluetooth 5.3 | Business Desktop | Tower Computer | A54XGET,,,,,,,,,,,0,Processor,Intel Core i5 13500,1,0,RAM,8GB DDR4 3200MHz,1,0,Storage,512GB PCIe NVMe M.2 SSD,1,0,HP Pro Tower 290 G9 Desktop PC,"HP Pro Tower 290 G9 Desktop PC: Intel Core i5 13500, 8GB RAM, 512GB SSD, Wi-Fi 6, FreeDOS. Includes keyboard & mouse. Boost productivity. Price: 56000.0.","HP Pro Tower 290 G9 Desktop PC (i5-13500, 8GB RAM, 512GB SSD, FreeDOS)","HP Pro Tower 290 G9 Desktop PC (i5-13500, 8GB RAM, 512GB SSD, FreeDOS) - Product Image","High-quality image of HP Pro Tower 290 G9 Desktop PC (i5-13500, 8GB RAM, 512GB SSD, FreeDOS) showing design and features"
simple,A55A2ET,HP Pro Tower 290 G9 Desktop PC (A55A2ET),1,0,visible,"<h3 data-start=""..."" data-end=""..."">HP Pro Tower 290 G9 Desktop PC</h3>
<table>
<thead>
<tr>
<th></th>
<th></th>
</tr>
</thead>
<tbody>
<tr>
<td>Processor</td>
<td>Intel Core i5 13500</td>
</tr>
<tr>
<td>RAM</td>
<td>8GB DDR4 3200</td>
</tr>
<tr>
<td>Storage</td>
<td>512GB PCIe NVMe M.2 SSD</td>
</tr>
<tr>
<td>Operating System</td>
<td>FreeDOS</td>
</tr>
<tr>
<td>Included Peripherals</td>
<td>HP 125 Wired Keyboard & Mouse</td>
</tr>
<tr>
<td>Warranty</td>
<td>1 Year</td>
</tr>
</tbody>
</table>","<h2 data-start=""..."" data-end=""..."">HP Pro Tower 290 G9 Desktop PC (A55A2ET)</h2>
<p data-start=""..."" data-end=""..."">Discover reliable performance with the HP Pro Tower 290 G9 Desktop PC. This powerful system is engineered for essential business tasks. It features a robust Intel Core i5 13500 processor. Enjoy smooth multitasking with 8GB of high-speed DDR4 RAM. A rapid 512GB PCIe NVMe M.2 SSD ensures quick boot times and fast application loading. Furthermore, it comes with FreeDOS, offering flexibility for your preferred operating system. The package also includes an HP 125 Wired Keyboard and Mouse. This desktop PC delivers efficiency and value for any office environment.</p>

<h3 data-start=""..."" data-end=""..."">Key Features</h3>
<ul>
	<li><p data-start=""..."" data-end=""...""><strong>Powerful 13th Gen Intel Core i5 Processor</strong><br />Experience exceptional computing power with the Intel Core i5 13500 processor. This advanced CPU handles demanding applications with ease. It provides strong performance for everyday productivity. You can confidently manage multiple tasks simultaneously. This ensures a smooth and efficient workflow for your business.</p></li>
	<li><p data-start=""..."" data-end=""...""><strong>High-Speed Memory and Storage</strong><br />The HP Pro Tower 290 G9 includes 8GB of DDR4 3200 RAM. This ample memory supports seamless multitasking. You can run various programs without slowdowns. Additionally, a 512GB PCIe NVMe M.2 SSD offers lightning-fast storage. It drastically reduces load times for your operating system and applications. This combination boosts overall system responsiveness.</p></li>
	<li><p data-start=""..."" data-end=""...""><strong>Comprehensive Connectivity Options</strong><br />This desktop PC provides a wide array of ports for all your peripherals. The front panel features four USB Type-A 5Gbps signaling rate ports. It also has a convenient headphone/microphone combo jack. The rear panel offers four USB 2.0 Type-A ports. You will find HDMI, VGA, and RJ-45 ports for display and network connections. Dedicated line-in and line-out audio jacks are also present. A slim cable lock slot enhances physical security.</p></li>
	<li><p data-start=""..."" data-end=""...""><strong>Ready for Business Productivity</strong><br />The HP Pro Tower 290 G9 comes pre-installed with FreeDOS. This allows you to install your preferred operating system. It includes an HP 125 Wired Keyboard and Mouse. This ensures you have essential peripherals right out of the box. A 1-year warranty provides peace of mind. This desktop is a reliable choice for professional use.</p></li>
</ul>

<h3 data-start=""..."" data-end=""..."">Specifications</h3>
<h4><strong data-start=""..."" data-end=""..."">General</strong></h4>
<div class=""TyagGW_tableContainer"">
<div class=""group TyagGW_tableWrapper flex w-fit flex-col-reverse"">
<table class=""w-fit min-w-(--thread-content-width)"" data-start=""..."" data-end=""..."">
<thead>
<tr>
<th data-start=""..."" data-end=""..."" data-col-size=""sm""><strong data-start=""..."" data-end=""..."">Feature</strong></th>
<th data-start=""..."" data-end=""..."" data-col-size=""sm""><strong data-start=""..."" data-end=""..."">Specification</strong></th>
</tr>
</thead>
<tbody>
<tr>
<td data-start=""..."" data-end=""..."" data-col-size=""sm"">Model No.</td>
<td data-start=""..."" data-end=""..."" data-col-size=""sm"">A55A2ET</td>
</tr>
<tr>
<td data-start=""..."" data-end=""..."" data-col-size=""sm"">Processor</td>
<td data-start=""..."" data-end=""..."" data-col-size=""sm"">Intel Core i5 13500</td>
</tr>
<tr>
<td data-start=""..."" data-end=""..."" data-col-size=""sm"">RAM</td>
<td data-start=""..."" data-end=""..."" data-col-size=""sm"">8GB DDR4 3200</td>
</tr>
<tr>
<td data-start=""..."" data-end=""..."" data-col-size=""sm"">Storage</td>
<td data-start=""..."" data-end=""..."" data-col-size=""sm"">512GB PCIe NVMe M.2 SSD</td>
</tr>
<tr>
<td data-start=""..."" data-end=""..."" data-col-size=""sm"">Operating System</td>
<td data-start=""..."" data-end=""..."" data-col-size=""sm"">FreeDOS</td>
</tr>
<tr>
<td data-start=""..."" data-end=""..."" data-col-size=""sm"">Optical Drive</td>
<td data-start=""..."" data-end=""..."" data-col-size=""sm"">No ODD</td>
</tr>
<tr>
<td data-start=""..."" data-end=""..."" data-col-size=""sm"">Included Peripherals</td>
<td data-start=""..."" data-end=""..."" data-col-size=""sm"">HP 125 Wired Keyboard & Mouse</td>
</tr>
<tr>
<td data-start=""..."" data-end=""..."" data-col-size=""sm"">Color</td>
<td data-start=""..."" data-end=""..."" data-col-size=""sm"">Black</td>
</tr>
<tr>
<td data-start=""..."" data-end=""..."" data-col-size=""sm"">Warranty</td>
<td data-start=""..."" data-end=""..."" data-col-size=""sm"">1 Year</td>
</tr>
<tr>
<td data-start=""..."" data-end=""..."" data-col-size=""sm"">Front Ports</td>
<td data-start=""..."" data-end=""..."" data-col-size=""sm"">4x USB Type-A 5Gbps, 1x Headphone/microphone combo</td>
</tr>
<tr>
<td data-start=""..."" data-end=""..."" data-col-size=""sm"">Rear Ports</td>
<td data-start=""..."" data-end=""..."" data-col-size=""sm"">4x USB 2.0 Type-A, 1x HDMI, 1x RJ-45, 1x VGA, 1x Power, 1x Line in, 1x Line out</td>
</tr>
<tr>
<td data-start=""..."" data-end=""..."" data-col-size=""sm"">Security</td>
<td data-start=""..."" data-end=""..."" data-col-size=""sm"">Slim Cable Lock</td>
</tr>
</tbody>
</table>
</div>
</div>

<h3 data-start=""..."" data-end=""..."">What’s in the Box</h3>
<ul>
	<li><p data-start=""..."" data-end=""..."">HP Pro Tower 290 G9 Desktop PC (A55A2ET)</p></li>
	<li><p data-start=""..."" data-end=""..."">HP 125 Wired Keyboard</p></li>
	<li><p data-start=""..."" data-end=""..."">HP 125 Wired Mouse</p></li>
	<li><p data-start=""..."" data-end=""..."">Power Cable</p></li>
	<li><p data-start=""..."" data-end=""..."">Documentation</p></li>
</ul>

<h3 data-start=""..."" data-end=""..."">Why Choose HP Pro Tower 290 G9</h3>
<ul>
	<li><p data-start=""..."" data-end=""..."">Benefit from HP's renowned reliability and quality construction. This ensures long-term, dependable operation for your business needs.</p></li>
	<li><p data-start=""..."" data-end=""..."">Harness the power of a 13th Gen Intel Core i5 processor. It offers superior performance for all your professional applications and daily tasks.</p></li>
	<li><p data-start=""..."" data-end=""..."">Enjoy rapid data access and boot times with the generous 512GB NVMe SSD. Paired with 8GB RAM, this PC handles multitasking efficiently.</p></li>
	<li><p data-start=""..."" data-end=""..."">Connect all your essential peripherals with ease. The desktop provides a comprehensive range of front and rear ports, including USB, HDMI, and VGA.</p></li>
	<li><p data-start=""..."" data-end=""..."">Start working immediately with the included HP wired keyboard and mouse. This provides a complete out-of-the-box solution for your office setup.</p></li>
</ul>",,,taxable,,0,,0,0,,,,,1,,,,Computing > Desktop Computers > HP Desktops,HP | Desktop PC | Pro Tower 290 G9 | A55A2ET | Intel Core i5 | 13th Gen | 8GB RAM | DDR4 | 512GB SSD | NVMe | FreeDOS | Business PC | Office Desktop | Wired Keyboard | Wired Mouse,,,,,,,,,,,0,Processor,Intel Core i5 13500,1,0,RAM,8GB DDR4 3200,1,0,Storage,512GB PCIe NVMe M.2 SSD,1,0,HP Pro Tower 290 G9 Desktop,"Boost productivity with the HP Pro Tower 290 G9 Desktop PC. Features Intel Core i5, 8GB RAM, 512GB SSD, FreeDOS, and included keyboard/mouse. Ideal for business.",HP Pro Tower 290 G9 Desktop PC (A55A2ET),HP Pro Tower 290 G9 Desktop PC (A55A2ET) - Product Image,High-quality image of HP Pro Tower 290 G9 Desktop PC (A55A2ET) showing design and features
simple,B70SCAT-D,HP Pro Tower 290 G9 Desktop PC,1,0,visible,"<h3 data-start=""..."" data-end=""..."">HP Pro Tower 290 G9 Desktop PC</h3>
<table>
<thead>
<tr>
<th></th>
<th></th>
</tr>
</thead>
<tbody>
<tr>
<td>Processor</td>
<td>Intel Core i7 13700</td>
</tr>
<tr>
<td>RAM</td>
<td>8GB DDR4 3200MHz</td>
</tr>
<tr>
<td>Storage</td>
<td>512GB PCIe NVMe M.2 SSD</td>
</tr>
<tr>
<td>Operating System</td>
<td>FreeDOS</td>
</tr>
<tr>
<td>Peripherals</td>
<td>HP 125 Wired Keyboard & Mouse</td>
</tr>
<tr>
<td>Optical Drive</td>
<td>HP 9.5 mm Slim DVD-Writer</td>
</tr>
<tr>
<td>Warranty</td>
<td>1 Year</td>
</tr>
</tbody>
</table>","<h2 data-start=""..."" data-end=""..."">HP Pro Tower 290 G9 Desktop PC</h2>
<p data-start=""..."" data-end=""..."">Discover reliable performance and essential features with the HP Pro Tower 290 G9 Desktop PC. This robust system is engineered for everyday business needs. It offers a powerful Intel Core i7 13700 processor, ensuring smooth multitasking. Its fast 512GB PCIe NVMe M.2 SSD delivers quick boot times and rapid data access. The desktop also includes 8GB of DDR4 RAM for efficient operation. It comes with FreeDOS, providing a flexible foundation for your chosen operating system. This PC is an ideal choice for offices and home users seeking dependable computing power.</p>

<h3 data-start=""..."" data-end=""..."">Key Features</h3>
<ul>
	<li><p data-start=""..."" data-end=""...""><strong>Powerful Performance</strong><br />The Intel Core i7 13700 processor delivers exceptional computing power. It handles demanding applications, complex spreadsheets, and multitasking with ease. Enjoy seamless operation and boosted productivity for all your business tasks.</p></li>
	<li><p data-start=""..."" data-end=""...""><strong>Speedy Storage</strong><br />Experience lightning-fast boot-up times and rapid data access with the 512GB PCIe NVMe M.2 SSD. This advanced storage solution significantly enhances system responsiveness. It ensures your applications load quickly, saving valuable time throughout your workday.</p></li>
	<li><p data-start=""..."" data-end=""...""><strong>Efficient Memory</strong><br />Equipped with 8GB of DDR4 3200MHz RAM, this desktop ensures smooth and responsive performance. It efficiently manages multiple applications simultaneously without slowdowns. This memory capacity is ideal for everyday business operations and general computing needs.</p></li>
	<li><p data-start=""..."" data-end=""...""><strong>Versatile Connectivity</strong><br />Connect all your essential peripherals effortlessly. The front panel offers four USB Type-A 5Gbps ports and a convenient headphone/microphone combo jack. The rear panel provides four USB 2.0 Type-A ports, HDMI, VGA, and RJ-45 for comprehensive networking.</p></li>
	<li><p data-start=""..."" data-end=""...""><strong>Essential Peripherals Included</strong><br />Get started right out of the box with the included HP 125 Wired Keyboard and Mouse. These reliable input devices offer comfortable and precise control. They are perfect for daily office use, ensuring immediate productivity without extra purchases.</p></li>
	<li><p data-start=""..."" data-end=""...""><strong>Integrated Optical Drive</strong><br />The HP 9.5 mm Slim DVD-Writer provides legacy media support. You can easily read and write CDs or DVDs for data backup, software installation, or media consumption. This feature adds flexibility, catering to various business requirements.</p></li>
	<li><p data-start=""..."" data-end=""...""><strong>Flexible Operating System Foundation</strong><br />This desktop comes pre-installed with FreeDOS. It offers a clean slate, allowing you to install your preferred operating system. Choose Windows, Linux, or another OS that perfectly fits your specific business environment and software needs.</p></li>
</ul>

<h3 data-start=""..."" data-end=""..."">Specifications</h3>
<h4><strong data-start=""..."" data-end=""..."">General</strong></h4>
<div class=""TyagGW_tableContainer"">
<div class=""group TyagGW_tableWrapper flex w-fit flex-col-reverse"">
<table class=""w-fit min-w-(--thread-content-width)"" data-start=""..."" data-end=""..."">
<thead>
<tr>
<th data-start=""..."" data-end=""..."" data-col-size=""sm""><strong data-start=""..."" data-end=""..."">Feature</strong></th>
<th data-start=""..."" data-end=""..."" data-col-size=""sm""><strong data-start=""..."" data-end=""..."">Specification</strong></th>
</tr>
</thead>
<tbody>
<tr>
<td data-start=""..."" data-end=""..."" data-col-size=""sm"">Processor</td>
<td data-start=""..."" data-end=""..."" data-col-size=""sm"">Intel Core i7 13700</td>
</tr>
<tr>
<td data-start=""..."" data-end=""..."" data-col-size=""sm"">RAM</td>
<td data-start=""..."" data-end=""..."" data-col-size=""sm"">8GB DDR4 3200MHz</td>
</tr>
<tr>
<td data-start=""..."" data-end=""..."" data-col-size=""sm"">Storage</td>
<td data-start=""..."" data-end=""..."" data-col-size=""sm"">512GB PCIe NVMe M.2 SSD</td>
</tr>
<tr>
<td data-start=""..."" data-end=""..."" data-col-size=""sm"">Operating System</td>
<td data-start=""..."" data-end=""..."" data-col-size=""sm"">FreeDOS</td>
</tr>
<tr>
<td data-start=""..."" data-end=""..."" data-col-size=""sm"">Optical Drive</td>
<td data-start=""..."" data-end=""..."" data-col-size=""sm"">HP 9.5 mm Slim DVD-Writer</td>
</tr>
<tr>
<td data-start=""..."" data-end=""..."" data-col-size=""sm"">Keyboard</td>
<td data-start=""..."" data-end=""..."" data-col-size=""sm"">HP 125 Wired Keyboard</td>
</tr>
<tr>
<td data-start=""..."" data-end=""..."" data-col-size=""sm"">Mouse</td>
<td data-start=""..."" data-end=""..."" data-col-size=""sm"">HP 125 Wired Mouse</td>
</tr>
<tr>
<td data-start=""..."" data-end=""..."" data-col-size=""sm"">Front Ports</td>
<td data-start=""..."" data-end=""..."" data-col-size=""sm"">4x USB Type-A 5Gbps, 1x Headphone/microphone combo</td>
</tr>
<tr>
<td data-start=""..."" data-end=""..."" data-col-size=""sm"">Rear Ports</td>
<td data-start=""..."" data-end=""..."" data-col-size=""sm"">4x USB 2.0 Type-A, 1x HDMI, 1x RJ-45, 1x VGA, 1x Power Connector, 1x Line in, 1x Line out</td>
</tr>
<tr>
<td data-start=""..."" data-end=""..."" data-col-size=""sm"">Color</td>
<td data-start=""..."" data-end=""..."" data-col-size=""sm"">Black</td>
</tr>
<tr>
<td data-start=""..."" data-end=""..."" data-col-size=""sm"">Warranty</td>
<td data-start=""..."" data-end=""..."" data-col-size=""sm"">1 Year</td>
</tr>
</tbody>
</table>
</div>
</div>

<h3 data-start=""..."" data-end=""..."">What’s in the Box</h3>
<ul>
	<li><p data-start=""..."" data-end=""..."">HP Pro Tower 290 G9 Desktop PC</p></li>
	<li><p data-start=""..."" data-end=""..."">HP 125 Wired Keyboard</p></li>
	<li><p data-start=""..."" data-end=""..."">HP 125 Wired Mouse</p></li>
	<li><p data-start=""..."" data-end=""..."">Power Cable</p></li>
</ul>

<h3 data-start=""..."" data-end=""..."">Why Choose HP Pro Tower 290 G9 Desktop PC</h3>
<ul>
	<li><p data-start=""..."" data-end=""..."">Optimized for productivity and efficiency in any work environment.</p></li>
	<li><p data-start=""..."" data-end=""..."">Robust build quality from a trusted industry leader, ensuring durability.</p></li>
	<li><p data-start=""..."" data-end=""..."">Future-ready with ample expansion options for growing business needs.</p></li>
	<li><p data-start=""..."" data-end=""..."">Excellent value for its performance class, providing a strong return on investment.</p></li>
	<li><p data-start=""..."" data-end=""..."">Comprehensive connectivity options support a wide range of peripherals.</p></li>
</ul>",,,taxable,,1,,0,0,,,,,1,,,76000,Computing > Desktop Computers > HP Desktops,HP | Pro Tower 290 G9 | Desktop PC | Intel Core i7 13700 | 8GB DDR4 | 512GB SSD | FreeDOS | Business PC | Office Desktop | Workstation | Wired Keyboard | Wired Mouse | DVD-Writer | Tower PC,,,,,,,,,,,0,Processor,Intel Core i7 13700,1,0,RAM,8GB DDR4 3200,1,0,Storage,512GB PCIe NVMe M.2 SSD,1,0,HP Pro Tower 290 G9 Desktop,"Boost productivity with the HP Pro Tower 290 G9 Desktop PC. Featuring an Intel Core i7, 8GB RAM, and 512GB SSD. Includes keyboard, mouse & 1-year warranty. Price: 76000.0.",HP Pro Tower 290 G9 Desktop PC,HP Pro Tower 290 G9 Desktop PC - Product Image,High-quality image of HP Pro Tower 290 G9 Desktop PC showing design and features
simple,B70SCAT,"HP Pro Tower 290 G9 Desktop PC with HP Series 3 Pro 21.45"" FHD Monitor",1,0,visible,"<h3 data-start=""..."" data-end=""..."">HP Pro Tower 290 G9 Desktop PC with 21.45"" FHD Monitor</h3>
<table>
<thead>
<tr>
<th>Feature</th>
<th>Specification</th>
</tr>
</thead>
<tbody>
<tr>
<td>Processor</td>
<td>Intel Core i7 13700</td>
</tr>
<tr>
<td>RAM</td>
<td>8GB DDR4</td>
</tr>
<tr>
<td>Storage</td>
<td>512GB PCIe NVMe M.2 SSD</td>
</tr>
<tr>
<td>Operating System</td>
<td>FreeDOS</td>
</tr>
<tr>
<td>Monitor</td>
<td>21.45"" FHD</td>
</tr>
<tr>
<td>Included Peripherals</td>
<td>HP Wired Keyboard & Mouse</td>
</tr>
</tbody>
</table>","<h2 data-start=""..."" data-end=""..."">HP Pro Tower 290 G9 Desktop PC with HP Series 3 Pro 21.45"" FHD Monitor</h2>
<p data-start=""..."" data-end=""..."">Experience powerful performance and seamless multitasking with the HP Pro Tower 290 G9 Desktop PC. This complete bundle includes a vibrant HP Series 3 Pro 21.45"" Full HD monitor. It delivers exceptional speed and efficiency for all your daily tasks. Designed for business and productivity, this system ensures reliable operation. You get a robust Intel Core i7 processor, ample memory, and fast storage. This desktop setup is ready to boost your workflow right out of the box.</p>

<h3 data-start=""..."" data-end=""..."">Key Features</h3>
<ul>
	<li><p data-start=""..."" data-end=""...""><strong>Powerful Intel Core i7 Performance</strong><br />The Intel Core i7 13700 processor provides outstanding speed. It handles demanding applications with ease. Enjoy smooth multitasking and efficient workflow. This powerful CPU ensures your system runs quickly.</p></li>
	<li><p data-start=""..."" data-end=""...""><strong>Fast Memory and Storage</strong><br />Benefit from 8GB of DDR4 3200 RAM for responsive computing. A rapid 512GB PCIe NVMe M.2 SSD offers quick boot times. It also provides swift application loading. Store all your important files securely and access them instantly.</p></li>
	<li><p data-start=""..."" data-end=""...""><strong>Integrated Full HD Visuals</strong><br />The included HP Series 3 Pro 21.45"" FHD monitor delivers crisp images. Enjoy vibrant colors and clear details. This display is perfect for spreadsheets, presentations, and multimedia. It enhances your viewing experience significantly.</p></li>
	<li><p data-start=""..."" data-end=""...""><strong>Comprehensive Connectivity Options</strong><br />Connect all your peripherals effortlessly. Front ports include four USB Type-A 5Gbps and a headphone/microphone combo. Rear ports feature four USB 2.0 Type-A, HDMI, VGA, and RJ-45. These options support a wide range of devices.</p></li>
	<li><p data-start=""..."" data-end=""...""><strong>Ready-to-Use Peripherals</strong><br />The bundle comes with an HP 125 Wired Keyboard and Mouse. Start working immediately with reliable input devices. These peripherals offer comfortable and precise control. They are designed for everyday office use.</p></li>
	<li><p data-start=""..."" data-end=""...""><strong>Reliable FreeDOS Operating System</strong><br />The PC ships with FreeDOS, offering flexibility. Install your preferred operating system easily. This provides a cost-effective and customizable solution. It ensures you have full control over your software environment.</p></li>
</ul>

<h3 data-start=""..."" data-end=""..."">Specifications</h3>
<h4><strong data-start=""..."" data-end=""..."">General</strong></h4>
<div class=""TyagGW_tableContainer"">
<div class=""group TyagGW_tableWrapper flex w-fit flex-col-reverse"">
<table class=""w-fit min-w-(--thread-content-width)"" data-start=""..."" data-end=""..."">
<thead>
<tr>
<th data-start=""..."" data-end=""..."" data-col-size=""sm""><strong data-start=""..."" data-end=""..."">Feature</strong></th>
<th data-start=""..."" data-end=""..."" data-col-size=""sm""><strong data-start=""..."" data-end=""..."">Specification</strong></th>
</tr>
</thead>
<tbody>
<tr>
<td data-start=""..."" data-end=""..."" data-col-size=""sm"">Processor</td>
<td data-start=""..."" data-end=""..."" data-col-size=""sm"">Intel Core i7 13700</td>
</tr>
<tr>
<td data-start=""..."" data-end=""..."" data-col-size=""sm"">RAM</td>
<td data-start=""..."" data-end=""..."" data-col-size=""sm"">8GB DDR4 3200</td>
</tr>
<tr>
<td data-start=""..."" data-end=""..."" data-col-size=""sm"">Storage</td>
<td data-start=""..."" data-end=""..."" data-col-size=""sm"">512GB PCIe NVMe M.2 SSD</td>
</tr>
<tr>
<td data-start=""..."" data-end=""..."" data-col-size=""sm"">Operating System</td>
<td data-start=""..."" data-end=""..."" data-col-size=""sm"">FreeDOS</td>
</tr>
<tr>
<td data-start=""..."" data-end=""..."" data-col-size=""sm"">Optical Drive</td>
<td data-start=""..."" data-end=""..."" data-col-size=""sm"">HP 9.5 mm Slim DVD-Writer</td>
</tr>
<tr>
<td data-start=""..."" data-end=""..."" data-col-size=""sm"">Monitor</td>
<td data-start=""..."" data-end=""..."" data-col-size=""sm"">HP Series 3 Pro 21.45"" FHD</td>
</tr>
<tr>
<td data-start=""..."" data-end=""..."" data-col-size=""sm"">Included Peripherals</td>
<td data-start=""..."" data-end=""..."" data-col-size=""sm"">HP 125 Wired Keyboard & Mouse</td>
</tr>
<tr>
<td data-start=""..."" data-end=""..."" data-col-size=""sm"">Front Ports</td>
<td data-start=""..."" data-end=""..."" data-col-size=""sm"">4x USB Type-A 5Gbps, Headphone/microphone combo</td>
</tr>
<tr>
<td data-start=""..."" data-end=""..."" data-col-size=""sm"">Rear Ports</td>
<td data-start=""..."" data-end=""..."" data-col-size=""sm"">4x USB 2.0 Type-A, 1x HDMI, 1x RJ-45, 1x VGA, 1x Power, 1x Line in, 1x Line out</td>
</tr>
<tr>
<td data-start=""..."" data-end=""..."" data-col-size=""sm"">Warranty</td>
<td data-start=""..."" data-end=""..."" data-col-size=""sm"">1 Year</td>
</tr>
</tbody>
</table>
</div>
</div>

<h3 data-start=""..."" data-end=""..."">What’s in the Box</h3>
<ul>
	<li><p data-start=""..."" data-end=""..."">HP Pro Tower 290 G9 Desktop PC</p></li>
	<li><p data-start=""..."" data-end=""..."">HP Series 3 Pro 21.45"" FHD Monitor</p></li>
	<li><p data-start=""..."" data-end=""..."">HP 125 Wired Keyboard</p></li>
	<li><p data-start=""..."" data-end=""..."">HP 125 Wired Mouse</p></li>
	<li><p data-start=""..."" data-end=""..."">Power Cable</p></li>
	<li><p data-start=""..."" data-end=""..."">Documentation</p></li>
</ul>

<h3 data-start=""..."" data-end=""..."">Why Choose HP Pro Tower 290 G9 Desktop PC with 21.45"" FHD Monitor</h3>
<ul>
	<li><p data-start=""..."" data-end=""..."">Achieve peak productivity with a powerful Intel Core i7 processor.</p></li>
	<li><p data-start=""..."" data-end=""..."">Enjoy a complete computing solution, including a desktop and Full HD monitor.</p></li>
	<li><p data-start=""..."" data-end=""..."">Benefit from fast boot-up times and ample storage with the 512GB SSD.</p></li>
	<li><p data-start=""..."" data-end=""..."">Connect all your essential devices with a wide array of ports.</p></li>
	<li><p data-start=""..."" data-end=""..."">Trust in HP's renowned reliability and a comprehensive 1-year warranty.</p></li>
</ul>",,,taxable,,1,,0,0,,,,,1,,,85000,Computing > Desktop Computers > HP Desktops,HP | Desktop PC | Intel Core i7 | 8GB DDR4 | 512GB SSD | FreeDOS | FHD Monitor | 21.45 inch | B70SCAT | Pro Tower 290 G9 | HP Series 3 Pro | Business PC | Workstation,,,,,,,,,,,0,Processor,Intel Core i7 13700,1,0,RAM,8GB DDR4 3200,1,0,Storage,512GB PCIe NVMe M.2 SSD,1,0,HP Pro Tower 290 G9 Desktop,"Boost productivity with the HP Pro Tower 290 G9 Desktop PC. Features Intel Core i7, 8GB RAM, 512GB SSD, and a 21.45"" FHD monitor. Ideal for work. Price: KES 85000.","HP Pro Tower 290 G9 Desktop PC with HP Series 3 Pro 21.45"" FHD Monitor","HP Pro Tower 290 G9 Desktop PC with HP Series 3 Pro 21.45"" FHD Monitor - Product Image","High-quality image of HP Pro Tower 290 G9 Desktop PC with HP Series 3 Pro 21.45"" FHD Monitor showing design and features"
simple,A1HV4ES,"HP Pro Mini 400 G9 Desktop PC, Intel Core i5 14500T",1,0,visible,"<h3 data-start=""..."" data-end=""..."">HP Pro Mini 400 G9 Desktop PC</h3>
<table>
<thead>
<tr>
<th></th>
<th></th>
</tr>
</thead>
<tbody>
<tr>
<td>Processor</td>
<td>Intel Core i5 14500T</td>
</tr>
<tr>
<td>RAM</td>
<td>8GB DDR5 4800MHz</td>
</tr>
<tr>
<td>Storage</td>
<td>512GB PCIe NVMe M.2 SSD</td>
</tr>
<tr>
<td>Operating System</td>
<td>FreeDOS</td>
</tr>
<tr>
<td>Wireless</td>
<td>Wi-Fi 6E AX211 & Bluetooth 5.2</td>
</tr>
<tr>
<td>Ports</td>
<td>USB-C, USB-A, DisplayPort, HDMI, RJ-45</td>
</tr>
<tr>
<td>Included</td>
<td>HP 125 Wired Keyboard & Mouse</td>
</tr>
<tr>
<td>Warranty</td>
<td>1 Year from Seller</td>
</tr>
</tbody>
</table>","<h2 data-start=""..."" data-end=""..."">HP Pro Mini 400 G9 Desktop PC</h2>
<p data-start=""..."" data-end=""..."">Discover the power of compact computing with the HP Pro Mini 400 G9 Desktop PC. This mini powerhouse delivers exceptional performance for your business or home office needs. It combines a space-saving design with robust specifications. Featuring the latest Intel Core i5 14500T processor, it handles demanding tasks with ease. Furthermore, the generous 8GB DDR5 RAM ensures smooth multitasking. Experience lightning-fast boot times and rapid application loading thanks to the 512GB PCIe NVMe M.2 SSD. This desktop PC is engineered for efficiency and reliability. It comes equipped with FreeDOS, offering flexibility for your preferred operating system.</p>

<h3 data-start=""..."" data-end=""..."">Key Features</h3>
<ul>
	<li><p data-start=""..."" data-end=""...""><strong>Compact Design, Powerful Performance</strong><br />The HP Pro Mini 400 G9 offers a remarkably small footprint. This allows it to fit seamlessly into any workspace. Despite its size, it packs a punch with the Intel Core i5 14500T processor. This ensures you have ample power for daily tasks, productivity applications, and even light content creation. Its efficient design helps keep your desk clutter-free.</p></li>
	<li><p data-start=""..."" data-end=""...""><strong>Blazing Fast Memory and Storage</strong><br />Equipped with 8GB of high-speed DDR5 4800MHz RAM, this mini PC offers superior responsiveness. You can effortlessly switch between applications and manage large files. The 512GB PCIe NVMe M.2 SSD provides incredibly fast data access. This significantly reduces load times for your operating system and software. Enjoy a more fluid and productive computing experience every day.</p></li>
	<li><p data-start=""..."" data-end=""...""><strong>Comprehensive Connectivity Options</strong><br />The Pro Mini 400 G9 boasts a wide array of ports. These ensure you can connect all your essential peripherals and displays. Front ports include a headphone/microphone combo, two SuperSpeed USB Type-A (10Gbps, one with charging), and a SuperSpeed USB Type-C (20Gbps). Rear ports offer one SuperSpeed USB Type-A (10Gbps), two SuperSpeed USB Type-A (5Gbps), two DisplayPort 1.4, one HDMI 2.1, and an RJ-45 Ethernet port. This extensive selection guarantees versatility.</p></li>
	<li><p data-start=""..."" data-end=""...""><strong>Advanced Wireless Capabilities</strong><br />Stay connected with cutting-edge wireless technology. The integrated Intel Wi-Fi 6E AX211 (2x2) card provides ultra-fast gigabit data rates. This ensures smooth streaming, fast downloads, and reliable online meetings. Bluetooth 5.2 connectivity is also included. Easily pair your wireless accessories like headsets and mice for a cable-free setup. Enjoy robust and stable network performance.</p></li>
	<li><p data-start=""..."" data-end=""...""><strong>Ready for Productivity</strong><br />This desktop PC comes with FreeDOS pre-installed. This provides a clean slate for you to install your preferred operating system. It also includes an HP 125 Wired Keyboard and Mouse. You can start working right out of the box. A standard lock slot enhances physical security. Enjoy peace of mind knowing your valuable equipment is protected.</p></li>
</ul>

<h3 data-start=""..."" data-end=""..."">Specifications</h3>
<h4><strong data-start=""..."" data-end=""..."">General</strong></h4>
<div class=""TyagGW_tableContainer"">
<div class=""group TyagGW_tableWrapper flex w-fit flex-col-reverse"">
<table class=""w-fit min-w-(--thread-content-width)"" data-start=""..."" data-end=""..."">
<thead>
<tr>
<th data-start=""..."" data-end=""..."" data-col-size=""sm""><strong data-start=""..."" data-end=""..."">Feature</strong></th>
<th data-start=""..."" data-end=""..."" data-col-size=""sm""><strong data-start=""..."" data-end=""..."">Specification</strong></th>
</tr>
</thead>
<tbody>
<tr>
<td data-start=""..."" data-end=""..."" data-col-size=""sm"">Model</td>
<td data-start=""..."" data-end=""..."" data-col-size=""sm"">HP Pro Mini 400 G9 Desktop PC</td>
</tr>
<tr>
<td data-start=""..."" data-end=""..."" data-col-size=""sm"">Part No.</td>
<td data-start=""..."" data-end=""..."" data-col-size=""sm"">A1HV4ES</td>
</tr>
<tr>
<td data-start=""..."" data-end=""..."" data-col-size=""sm"">Processor</td>
<td data-start=""..."" data-end=""..."" data-col-size=""sm"">Intel Core i5 14500T</td>
</tr>
<tr>
<td data-start=""..."" data-end=""..."" data-col-size=""sm"">RAM</td>
<td data-start=""..."" data-end=""..."" data-col-size=""sm"">8GB DDR5 4800MHz</td>
</tr>
<tr>
<td data-start=""..."" data-end=""..."" data-col-size=""sm"">Storage</td>
<td data-start=""..."" data-end=""..."" data-col-size=""sm"">512GB PCIe NVMe M.2 SSD</td>
</tr>
<tr>
<td data-start=""..."" data-end=""..."" data-col-size=""sm"">Operating System</td>
<td data-start=""..."" data-end=""..."" data-col-size=""sm"">FreeDOS</td>
</tr>
<tr>
<td data-start=""..."" data-end=""..."" data-col-size=""sm"">Optical Drive</td>
<td data-start=""..."" data-end=""..."" data-col-size=""sm"">No ODD</td>
</tr>
<tr>
<td data-start=""..."" data-end=""..."" data-col-size=""sm"">Wireless</td>
<td data-start=""..."" data-end=""..."" data-col-size=""sm"">Intel Wi-Fi 6E AX211 (2x2) and Bluetooth 5.2</td>
</tr>
<tr>
<td data-start=""..."" data-end=""..."" data-col-size=""sm"">Front Ports</td>
<td data-start=""..."" data-end=""..."" data-col-size=""sm"">1x Headphone/mic combo, 2x SuperSpeed USB Type-A 10Gbps (1 charging), 1x SuperSpeed USB Type-C 20Gbps</td>
</tr>
<tr>
<td data-start=""..."" data-end=""..."" data-col-size=""sm"">Rear Ports</td>
<td data-start=""..."" data-end=""..."" data-col-size=""sm"">1x SuperSpeed USB Type-A 10Gbps, 2x SuperSpeed USB Type-A 5Gbps, 2x DisplayPort 1.4, 1x HDMI 2.1, 1x RJ-45, 1x Power connector</td>
</tr>
<tr>
<td data-start=""..."" data-end=""..."" data-col-size=""sm"">Security</td>
<td data-start=""..."" data-end=""..."" data-col-size=""sm"">Standard lock slot</td>
</tr>
<tr>
<td data-start=""..."" data-end=""..."" data-col-size=""sm"">Included Peripherals</td>
<td data-start=""..."" data-end=""..."" data-col-size=""sm"">HP 125 Wired Keyboard & Mouse</td>
</tr>
<tr>
<td data-start=""..."" data-end=""..."" data-col-size=""sm"">Warranty</td>
<td data-start=""..."" data-end=""..."" data-col-size=""sm"">1 Year from Seller</td>
</tr>
</tbody>
</table>
</div>
</div>

<h3 data-start=""..."" data-end=""..."">Optimized for Modern Workspaces</h3>
<ul>
	<li><p data-start=""..."" data-end=""..."">The HP Pro Mini 400 G9 is designed for today's dynamic work environments. Its compact form factor maximizes desk space. This allows for a more organized and efficient setup. It is ideal for small offices, home offices, or educational settings. The robust performance capabilities ensure seamless operation for all your daily tasks. Moreover, its energy-efficient components help reduce operational costs over time.</p></li>
	<li><p data-start=""..."" data-end=""..."">Enjoy crystal-clear visuals by connecting multiple monitors. The dual DisplayPort 1.4 and single HDMI 2.1 outputs support various display configurations. This enhances your multitasking capabilities. The included HP 125 Wired Keyboard and Mouse provide a comfortable and reliable input experience. This ensures you can get started with your work immediately. The system's thoughtful design prioritizes user convenience and productivity.</p></li>
</ul>

<h3 data-start=""..."" data-end=""..."">What’s in the Box</h3>
<ul>
	<li><p data-start=""..."" data-end=""..."">HP Pro Mini 400 G9 Desktop PC (A1HV4ES)</p></li>
	<li><p data-start=""..."" data-end=""..."">HP 125 Wired Keyboard</p></li>
	<li><p data-start=""..."" data-end=""..."">HP 125 Wired Mouse</p></li>
	<li><p data-start=""..."" data-end=""..."">Power Adapter</p></li>
	<li><p data-start=""..."" data-end=""..."">Documentation</p></li>
</ul>

<h3 data-start=""..."" data-end=""..."">Why Choose the HP Pro Mini 400 G9</h3>
<ul>
	<li><p data-start=""..."" data-end=""...""><strong>Space-Saving Efficiency</strong><br />Achieve powerful computing in a tiny package, freeing up valuable desk space.</p></li>
	<li><p data-start=""..."" data-end=""...""><strong>Uncompromised Performance</strong><br />Leverage the Intel Core i5 14th Gen processor, DDR5 RAM, and NVMe SSD for superior speed.</p></li>
	<li><p data-start=""..."" data-end=""...""><strong>Versatile Connectivity</strong><br />Connect all your devices and multiple displays with a wide range of modern ports.</p></li>
	<li><p data-start=""..."" data-end=""...""><strong>Reliable HP Quality</strong><br />Trust in HP's reputation for durable and high-performing business machines, backed by a 1-year warranty.</p></li>
</ul>",,,taxable,,1,,0,0,,,,,1,,,66000,Computing > Desktop Computers > HP Desktops,HP | Pro Mini | 400 G9 | Desktop PC | Mini PC | Intel Core i5 | 14500T | 8GB DDR5 | 512GB SSD | FreeDOS | Wi-Fi 6E | Bluetooth 5.2 | Business PC | Home Office PC | Compact Desktop | A1HV4ES,,,,,,,,,,,0,Processor,Intel Core i5 14500T,1,0,RAM,8GB DDR5 4800MHz,1,0,Storage,512GB PCIe NVMe M.2 SSD,1,0,HP Pro Mini 400 G9 Desktop,"Experience compact power with the HP Pro Mini 400 G9 Desktop PC. Featuring an Intel Core i5 14500T, 8GB DDR5 RAM, 512GB SSD, and Wi-Fi 6E. Perfect for modern workspaces. Get yours for KES 66000.","HP Pro Mini 400 G9 Desktop PC, Intel Core i5 14500T","HP Pro Mini 400 G9 Desktop PC, Intel Core i5 14500T - Product Image","High-quality image of HP Pro Mini 400 G9 Desktop PC, Intel Core i5 14500T showing design and features"
simple,B70XKAT,"HP Pro Mini 400 G9 Desktop PC (Intel Core i7 14700T, 8GB DDR5, 512GB SSD, FreeDOS)",1,0,visible,"<h3 data-start=""..."" data-end=""..."">HP Pro Mini 400 G9 Desktop PC</h3>
<table>
<thead>
<tr>
<th></th>
<th></th>
</tr>
</thead>
<tbody>
<tr>
<td>Processor</td>
<td>Intel Core i7 14700T</td>
</tr>
<tr>
<td>Memory</td>
<td>8GB DDR5 4800MHz</td>
</tr>
<tr>
<td>Storage</td>
<td>512GB PCIe NVMe M.2 SSD</td>
</tr>
<tr>
<td>Operating System</td>
<td>FreeDOS</td>
</tr>
<tr>
<td>Wireless</td>
<td>Wi-Fi 6E, Bluetooth 5.3</td>
</tr>
<tr>
<td>Peripherals</td>
<td>HP 125 Wired Keyboard & Mouse</td>
</tr>
<tr>
<td>Form Factor</td>
<td>Mini PC</td>
</tr>
</tbody>
</table>","<h2 data-start=""..."" data-end=""..."">HP Pro Mini 400 G9 Desktop PC</h2>
<p data-start=""..."" data-end=""..."">Discover the power and efficiency of the HP Pro Mini 400 G9 Desktop PC. This compact yet robust machine is engineered for modern business environments. It delivers exceptional performance in a space-saving design. Experience seamless multitasking and rapid data access with its advanced components. This mini PC is perfect for various professional applications. It offers reliability and speed for your daily computing needs.</p>

<h3 data-start=""..."" data-end=""..."">Key Features</h3>
<ul>
	<li><p data-start=""..."" data-end=""...""><strong>Powerful Intel Core i7 Processor</strong><br />The HP Pro Mini 400 G9 features an Intel Core i7 14700T processor. This powerful CPU handles demanding applications with ease. Enjoy smooth performance for all your professional tasks. It ensures quick responsiveness and efficient processing.</p></li>
	<li><p data-start=""..."" data-end=""...""><strong>Blazing Fast Memory and Storage</strong><br />Equipped with 8GB of DDR5 4800MHz RAM, this PC offers incredible speed. It supports seamless multitasking and efficient workflow. A 512GB PCIe NVMe M.2 SSD provides lightning-fast boot times. It also offers quick access to your files and applications. Store your essential data securely and access it instantly.</p></li>
	<li><p data-start=""..."" data-end=""...""><strong>Advanced Wireless Connectivity</strong><br />Stay connected with the integrated Intel Wi-Fi 6E AX211 (2x2) wireless card. It provides ultra-fast and reliable network speeds. Bluetooth 5.3 is also included for easy peripheral connections. Enjoy a clutter-free workspace with robust wireless options.</p></li>
	<li><p data-start=""..."" data-end=""...""><strong>Comprehensive Port Selection</strong><br />This mini PC offers a wide array of ports for all your devices. Front ports include a headphone/microphone combo jack. It also features SuperSpeed USB Type-A and Type-C ports. Rear ports provide additional SuperSpeed USB Type-A connections. Two DisplayPort 1.4 and one HDMI 2.1 ensure versatile display options. An RJ-45 port offers reliable wired networking.</p></li>
	<li><p data-start=""..."" data-end=""...""><strong>Ready-to-Use Peripherals</strong><br />The HP Pro Mini 400 G9 comes with essential accessories. It includes an HP 125 Wired Keyboard and an HP 125 Wired Mouse. You can start working right out of the box. These reliable peripherals enhance your productivity. They provide a comfortable and efficient user experience.</p></li>
</ul>

<h3 data-start=""..."" data-end=""..."">Specifications</h3>
<h4><strong data-start=""..."" data-end=""..."">General</strong></h4>
<div class=""TyagGW_tableContainer"">
<div class=""group TyagGW_tableWrapper flex w-fit flex-col-reverse"">
<table class=""w-fit min-w-(--thread-content-width)"" data-start=""..."" data-end=""..."">
<thead>
<tr>
<th data-start=""..."" data-end=""..."" data-col-size=""sm""><strong data-start=""..."" data-end=""..."">Feature</strong></th>
<th data-start=""..."" data-end=""..."" data-col-size=""sm""><strong data-start=""..."" data-end=""..."">Specification</strong></th>
</tr>
</thead>
<tbody>
<tr>
<td data-start=""..."" data-end=""..."" data-col-size=""sm"">Processor</td>
<td data-start=""..."" data-end=""..."" data-col-size=""sm"">Intel Core i7 14700T</td>
</tr>
<tr>
<td data-start=""..."" data-end=""..."" data-col-size=""sm"">RAM</td>
<td data-start=""..."" data-end=""..."" data-col-size=""sm"">8GB DDR5 4800MHz</td>
</tr>
<tr>
<td data-start=""..."" data-end=""..."" data-col-size=""sm"">Storage</td>
<td data-start=""..."" data-end=""..."" data-col-size=""sm"">512GB PCIe NVMe M.2 SSD</td>
</tr>
<tr>
<td data-start=""..."" data-end=""..."" data-col-size=""sm"">Operating System</td>
<td data-start=""..."" data-end=""..."" data-col-size=""sm"">FreeDOS</td>
</tr>
<tr>
<td data-start=""..."" data-end=""..."" data-col-size=""sm"">Optical Drive</td>
<td data-start=""..."" data-end=""..."" data-col-size=""sm"">No ODD</td>
</tr>
<tr>
<td data-start=""..."" data-end=""..."" data-col-size=""sm"">Wireless Connectivity</td>
<td data-start=""..."" data-end=""..."" data-col-size=""sm"">Intel Wi-Fi 6E AX211 (2x2) and Bluetooth 5.3</td>
</tr>
<tr>
<td data-start=""..."" data-end=""..."" data-col-size=""sm"">Included Peripherals</td>
<td data-start=""..."" data-end=""..."" data-col-size=""sm"">HP 125 Wired Keyboard & Mouse</td>
</tr>
<tr>
<td data-start=""..."" data-end=""..."" data-col-size=""sm"">Color</td>
<td data-start=""..."" data-end=""..."" data-col-size=""sm"">Black</td>
</tr>
<tr>
<td data-start=""..."" data-end=""..."" data-col-size=""sm"">Warranty</td>
<td data-start=""..."" data-end=""..."" data-col-size=""sm"">1 Year from Seller</td>
</tr>
</tbody>
</table>
</div>
</div>

<h3 data-start=""..."" data-end=""..."">Versatile Port Selection</h3>
<ul>
	<li><p data-start=""..."" data-end=""...""><strong>Front Ports:</strong> One headphone/microphone combo, One SuperSpeed USB Type-A 10Gbps signaling rate, One SuperSpeed USB Type-A 10Gbps signaling rate (charging), One SuperSpeed USB Type-C 20Gbps signaling rate.</p></li>
	<li><p data-start=""..."" data-end=""...""><strong>Rear Ports:</strong> One SuperSpeed USB Type-A 10Gbps signaling rate, Two SuperSpeed USB Type-A 5Gbps signaling rate, Two DisplayPort 1.4, One HDMI 2.1, One RJ-45, One power connector, Standard lock slot.</p></li>
</ul>

<h3 data-start=""..."" data-end=""..."">What’s in the Box</h3>
<ul>
	<li><p data-start=""..."" data-end=""..."">HP Pro Mini 400 G9 Desktop PC</p></li>
	<li><p data-start=""..."" data-end=""..."">HP 125 Wired Keyboard</p></li>
	<li><p data-start=""..."" data-end=""..."">HP 125 Wired Mouse</p></li>
</ul>

<h3 data-start=""..."" data-end=""..."">Why Choose HP Pro Mini 400 G9</h3>
<ul>
	<li><p data-start=""..."" data-end=""...""><strong>Optimized for Productivity:</strong> Experience top-tier performance for demanding business applications.</p></li>
	<li><p data-start=""..."" data-end=""...""><strong>Space-Saving Design:</strong> Its compact form factor fits perfectly in any modern office environment.</p></li>
	<li><p data-start=""..."" data-end=""...""><strong>Reliable HP Quality:</strong> Benefit from HP's renowned durability and a 1-year seller warranty.</p></li>
	<li><p data-start=""..."" data-end=""...""><strong>Extensive Connectivity:</strong> Connect all your peripherals and displays with ease using a wide range of ports.</p></li>
	<li><p data-start=""..."" data-end=""...""><strong>Complete Solution:</strong> Comes with a keyboard and mouse, providing an out-of-the-box computing experience.</p></li>
</ul>",,,taxable,,1,,0,0,,,,,1,,,85000,Computing > HP Desktops,HP | Pro Mini 400 G9 | Desktop PC | Mini PC | Intel Core i7 | 14700T | 8GB DDR5 RAM | 512GB SSD | NVMe M.2 | FreeDOS | Wi-Fi 6E | Bluetooth 5.3 | Wired Keyboard | Wired Mouse | Business PC,,,,,,,,,,,0,Processor,Intel Core i7 14700T,1,0,RAM,8GB DDR5 4800MHz,1,0,Storage,512GB PCIe NVMe M.2 SSD,1,0,HP Pro Mini G9 Desktop,"Boost productivity with the HP Pro Mini 400 G9 Desktop PC. Features Intel Core i7 14700T, 8GB DDR5 RAM, 512GB SSD. Includes keyboard & mouse. Price: 85000.0.","HP Pro Mini 400 G9 Desktop PC (Intel Core i7 14700T, 8GB DDR5, 512GB SSD, FreeDOS)","HP Pro Mini 400 G9 Desktop PC (Intel Core i7 14700T, 8GB DDR5, 512GB SSD, FreeDOS) - Product Image","High-quality image of HP Pro Mini 400 G9 Desktop PC (Intel Core i7 14700T, 8GB DDR5, 512GB SSD, FreeDOS) showing design and features"
simple,U18HWE,HP 3-Year Active Care Next Business Day Onsite Desktop Hardware Support,1,0,visible,"<h3 data-start=""..."" data-end=""..."">HP 3-Year Active Care Next Business Day Onsite Desktop Hardware Support</h3>
<table>
<thead>
<tr>
<th></th>
<th></th>
</tr>
</thead>
<tbody>
<tr>
<td>Service Type</td>
<td>Hardware Support</td>
</tr>
<tr>
<td>Duration</td>
<td>3 Years</td>
</tr>
<tr>
<td>Response Time</td>
<td>Next Business Day Onsite</td>
</tr>
<tr>
<td>Supported Product</td>
<td>HP Desktop Computers</td>
</tr>
<tr>
<td>Service Level</td>
<td>Active Care</td>
</tr>
<tr>
<td>Part Number</td>
<td>U18HWE</td>
</tr>
</tbody>
</table>","<h2 data-start=""..."" data-end=""..."">HP 3-Year Active Care Next Business Day Onsite Desktop Hardware Support</h2>
<p data-start=""..."" data-end=""..."">Ensure uninterrupted productivity with the HP 3-Year Active Care Next Business Day Onsite Desktop Hardware Support. This essential service offers comprehensive protection for your HP desktop. It provides peace of mind, knowing expert assistance is readily available. Minimize downtime and keep your business operations running smoothly. This support plan is designed to address hardware issues swiftly and efficiently. It ensures your critical computing infrastructure remains reliable. Invest in this service for robust and dependable technical assistance. It safeguards your investment and enhances operational efficiency.</p>

<h3 data-start=""..."" data-end=""..."">Key Features</h3>
<ul>
	<li><p data-start=""..."" data-end=""...""><strong>Next Business Day Onsite Response</strong><br />Experience rapid problem resolution with a dedicated technician. An expert will arrive at your location on the next business day. This ensures minimal disruption to your workflow. It eliminates the need to transport your desktop for repairs. Get back to work faster with professional, on-site assistance. This service prioritizes your operational continuity.</p></li>
	<li><p data-start=""..."" data-end=""...""><strong>Proactive Active Care Monitoring</strong><br />Benefit from intelligent monitoring that helps prevent issues before they impact your business. Active Care provides insights and alerts. It ensures the health and performance of your HP desktop hardware. This proactive approach reduces unexpected failures. It helps maintain consistent system reliability. Stay ahead of potential problems with smart, preventative support.</p></li>
	<li><p data-start=""..."" data-end=""...""><strong>Comprehensive Hardware Coverage</strong><br />Receive extensive support for a wide range of hardware components. This includes internal parts, peripherals, and system failures. The service covers essential desktop hardware. It ensures all critical components are protected. Rest assured that your HP desktop is fully covered against defects and malfunctions. This comprehensive plan safeguards your technology investment.</p></li>
	<li><p data-start=""..."" data-end=""...""><strong>Certified HP Expert Technicians</strong><br />Access highly trained and certified HP professionals. These technicians possess deep knowledge of HP systems. They deliver accurate and efficient diagnoses and repairs. Trust in their expertise to resolve complex hardware challenges. Their specialized skills guarantee high-quality service. This ensures your desktop receives the best possible care.</p></li>
	<li><p data-start=""..."" data-end=""...""><strong>Extended 3-Year Protection</strong><br />Secure your HP desktop with an extended three-year support plan. This long-term coverage offers sustained peace of mind. It protects your investment beyond the standard warranty period. Enjoy consistent, reliable service for an extended duration. This extended plan provides stability and predictability for your IT budget. It’s a smart choice for lasting hardware reliability.</p></li>
</ul>

<h3 data-start=""..."" data-end=""..."">Specifications</h3>
<h4><strong data-start=""..."" data-end=""..."">General</strong></h4>
<div class=""TyagGW_tableContainer"">
<div class=""group TyagGW_tableWrapper flex w-fit flex-col-reverse"">
<table class=""w-fit min-w-(--thread-content-width)"" data-start=""..."" data-end=""..."">
<thead>
<tr>
<th data-start=""..."" data-end=""..."" data-col-size=""sm""><strong data-start=""..."" data-end=""..."">Feature</strong></th>
<th data-start=""..."" data-end=""..."" data-col-size=""sm""><strong data-start=""..."" data-end=""..."">Specification</strong></th>
</tr>
</thead>
<tbody>
<tr>
<td data-start=""..."" data-end=""..."" data-col-size=""sm"">Service Type</td>
<td data-start=""..."" data-end=""..."" data-col-size=""sm"">Hardware Support</td>
</tr>
<tr>
<td data-start=""..."" data-end=""..."" data-col-size=""sm"">Service Duration</td>
<td data-start=""..."" data-end=""..."" data-col-size=""sm"">3 Years</td>
</tr>
<tr>
<td data-start=""..."" data-end=""..."" data-col-size=""sm"">Response Time</td>
<td data-start=""..."" data-end=""..."" data-col-size=""sm"">Next Business Day Onsite</td>
</tr>
<tr>
<td data-start=""..."" data-end=""..."" data-col-size=""sm"">Supported Product</td>
<td data-start=""..."" data-end=""..."" data-col-size=""sm"">HP Desktop Computers</td>
</tr>
<tr>
<td data-start=""..."" data-end=""..."" data-col-size=""sm"">Service Level</td>
<td data-start=""..."" data-end=""..."" data-col-size=""sm"">Active Care</td>
</tr>
<tr>
<td data-start=""..."" data-end=""..."" data-col-size=""sm"">Part Number</td>
<td data-start=""..."" data-end=""..."" data-col-size=""sm"">U18HWE</td>
</tr>
</tbody>
</table>
</div>
</div>

<h3 data-start=""..."" data-end=""..."">Service Coverage & Benefits</h3>
<ul>
	<li><p data-start=""..."" data-end=""...""><strong>Minimize Business Downtime:</strong> Rapid onsite service drastically reduces periods of inactivity. This keeps your essential operations running smoothly. It enhances overall business continuity.</p></li>
	<li><p data-start=""..."" data-end=""...""><strong>Maintain Peak Productivity:</strong> Ensure employees can continue their tasks without prolonged interruptions. This service helps sustain high levels of productivity. It supports an efficient working environment.</p></li>
	<li><p data-start=""..."" data-end=""...""><strong>Access to Certified Experts:</strong> Get direct support from HP-certified technicians. They offer unparalleled expertise. This guarantees reliable and effective solutions for any hardware issue.</p></li>
	<li><p data-start=""..."" data-end=""...""><strong>Simplified IT Management:</strong> Offload hardware repair and maintenance tasks to HP. This frees up your internal IT resources. It allows your team to focus on strategic initiatives. It streamlines your IT operations.</p></li>
	<li><p data-start=""..."" data-end=""...""><strong>Cost Predictability:</strong> Enjoy predictable support costs over three years. This helps in budgeting and financial planning. It eliminates unexpected repair expenses. This plan offers great value.</p></li>
</ul>

<h3 data-start=""..."" data-end=""..."">What’s in the Box</h3>
<ul>
	<li><p data-start=""..."" data-end=""..."">HP 3-Year Active Care Next Business Day Onsite Desktop Hardware Support Service Activation Details</p></li>
	<li><p data-start=""..."" data-end=""..."">Terms and Conditions Documentation</p></li>
</ul>

<h3 data-start=""..."" data-end=""..."">Why Choose HP 3-Year Active Care Support</h3>
<ul>
	<li><p data-start=""..."" data-end=""...""><strong>Unmatched Reliability:</strong> Trust in HP's commitment to quality service and support. This ensures your desktop remains operational. It provides consistent performance.</p></li>
	<li><p data-start=""..."" data-end=""...""><strong>Expertise at Your Fingertips:</strong> Benefit from the knowledge of skilled HP technicians. They are equipped to handle any hardware challenge. Their expertise guarantees effective solutions.</p></li>	<li><p data-start=""..."" data-end=""...""><strong>Guaranteed Business Continuity:</strong> Minimize disruptions with fast, efficient onsite repairs. Your business can continue without significant setbacks. This protects your revenue and reputation.</p></li>
	<li><p data-start=""..."" data-end=""...""><strong>Long-Term Value:</strong> Secure your investment for three years. This provides extended peace of mind. It offers excellent value and protection for your HP desktop fleet.</p></li>
</ul>",,,taxable,,0,,0,0,,,,,1,,,,Accessories > Computing Accessories,HP | Hardware Support | Desktop Support | 3 Year Support | Active Care | Next Business Day | Onsite Support | HP Desktops | U18HWE | Extended Warranty | Technical Support,,,,,,,,,,,0,Service Type,Hardware Support,1,0,Service Duration,3 Years,1,0,Response Time,Next Business Day Onsite,1,0,HP Desktop Hardware Support,Get 3 years of HP Active Care Next Business Day Onsite Hardware Support (U18HWE) for your HP desktop. Ensure minimal downtime and expert service.,HP 3-Year Active Care Next Business Day Onsite Desktop Hardware Support,HP 3-Year Active Care Next Business Day Onsite Desktop Hardware Support - Product Image,High-quality image of HP 3-Year Active Care Next Business Day Onsite Desktop Hardware Support showing design and features
simple,9U5A2AA,"HP Series 3 Pro 21.45"" FHD Monitor, Black",1,0,visible,"<h3 data-start=""..."" data-end=""..."">HP Series 3 Pro 21.45"" FHD Monitor, Black</h3>
<table>
<thead>
<tr>
<th></th>
<th></th>
</tr>
</thead>
<tbody>
<tr>
<td>Display Size</td>
<td>21.45 inches</td>
</tr>
<tr>
<td>Resolution</td>
<td>Full HD (1920 x 1080)</td>
</tr>
<tr>
<td>Color</td>
<td>Black</td>
</tr>
<tr>
<td>Connectivity</td>
<td>1x VGA, 1x HDMI 1.4</td>
</tr>
<tr>
<td>Model Series</td>
<td>HP Series 3 Pro</td>
</tr>
</tbody>
</table>","<h2 data-start=""..."" data-end=""..."">HP Series 3 Pro 21.45"" FHD Monitor, Black</h2>
<p data-start=""..."" data-end=""..."">Experience brilliant visuals with the HP Series 3 Pro 21.45"" FHD Monitor. This professional display delivers crisp, clear images for all your daily tasks. Its sleek black design enhances any office or home workspace. Enjoy reliable performance and essential connectivity for seamless productivity. This monitor combines style with functionality, making it an excellent choice for professionals and everyday users alike. It ensures a comfortable viewing experience throughout your day.</p>

<h3 data-start=""..."" data-end=""..."">Key Features</h3>
<ul>
	<li><p data-start=""..."" data-end=""...""><strong>Immersive Full HD Visuals</strong><br />The 21.45-inch screen offers a stunning Full HD resolution. Enjoy sharp details and vibrant colors. This 1920 x 1080 display provides an excellent viewing experience. Text appears clear and graphics are smooth. It is perfect for spreadsheets, documents, and multimedia content. The wide viewing angles ensure consistent image quality from various positions. Experience clarity that brings your work to life.</p></li>
	<li><p data-start=""..."" data-end=""...""><strong>Versatile Connectivity Options</strong><br />Connect your devices with ease. The HP Series 3 Pro monitor includes both HDMI 1.4 and VGA ports. HDMI ensures compatibility with modern laptops and desktops. VGA support allows connection to older systems. This flexibility makes integration simple. Switch between sources effortlessly for a streamlined workflow. Enjoy hassle-free setup and broad device compatibility.</p></li>
	<li><p data-start=""..."" data-end=""...""><strong>Sleek and Professional Design</strong><br />This monitor features a sophisticated black finish. Its modern aesthetic complements any professional environment. The slim bezels maximize your viewing area. This design helps minimize distractions. It creates a more immersive visual experience. The compact footprint saves valuable desk space. The monitor's clean lines add a touch of elegance to your desk.</p></li>
	<li><p data-start=""..."" data-end=""...""><strong>Enhanced Productivity and Comfort</strong><br />Boost your daily efficiency. The generous screen size provides ample room for multitasking. Open multiple applications side-by-side. This reduces the need for constant window switching. The clear display helps reduce eye strain during long work sessions. Work comfortably for extended periods. Focus better on your tasks with a larger, clearer workspace. Ultimately, this leads to improved overall productivity.</p></li>
</ul>

<h3 data-start=""..."" data-end=""..."">Specifications</h3>
<h4><strong data-start=""..."" data-end=""..."">General</strong></h4>
<div class=""TyagGW_tableContainer"">
<div class=""group TyagGW_tableWrapper flex w-fit flex-col-reverse"">
<table class=""w-fit min-w-(--thread-content-width)"" data-start=""..."" data-end=""..."">
<thead>
<tr>
<th data-start=""..."" data-end=""..."" data-col-size=""sm""><strong data-start=""..."" data-end=""..."">Feature</strong></th>
<th data-start=""..."" data-end=""..."" data-col-size=""sm""><strong data-start=""..."" data-end=""..."">Specification</strong></th>
</tr>
</thead>
<tbody>
<tr>
<td data-start=""..."" data-end=""..."" data-col-size=""sm"">Part No / Model No</td>
<td data-start=""..."" data-end=""..."" data-col-size=""sm"">9U5A2AA</td>
</tr>
<tr>
<td data-start=""..."" data-end=""..."" data-col-size=""sm"">Display Size</td>
<td data-start=""..."" data-end=""..."" data-col-size=""sm"">21.45 inches</td>
</tr>
<tr>
<td data-start=""..."" data-end=""..."" data-col-size=""sm"">Resolution</td>
<td data-start=""..."" data-end=""..."" data-col-size=""sm"">Full HD (1920 x 1080)</td>
</tr>
<tr>
<td data-start=""..."" data-end=""..."" data-col-size=""sm"">Color</td>
<td data-start=""..."" data-end=""..."" data-col-size=""sm"">Black</td>
</tr>
<tr>
<td data-start=""..."" data-end=""..."" data-col-size=""sm"">Connectivity</td>
<td data-start=""..."" data-end=""..."" data-col-size=""sm"">1x VGA, 1x HDMI 1.4</td>
</tr>
<tr>
<td data-start=""..."" data-end=""..."" data-col-size=""sm"">Series</td>
<td data-start=""..."" data-end=""..."" data-col-size=""sm"">HP Series 3 Pro</td>
</tr>
</tbody>
</table>
</div>
</div>

<h3 data-start=""..."" data-end=""..."">What’s in the Box</h3>
<ul>
	<li><p data-start=""..."" data-end=""..."">HP Series 3 Pro 21.45"" FHD Monitor</p></li>
	<li><p data-start=""..."" data-end=""..."">Power Cable</p></li>
	<li><p data-start=""..."" data-end=""..."">HDMI Cable (may vary by region)</p></li>
	<li><p data-start=""..."" data-end=""..."">Documentation</p></li>
</ul>

<h3 data-start=""..."" data-end=""..."">Why Choose the HP Series 3 Pro Monitor?</h3>
<ul>
	<li><p data-start=""..."" data-end=""..."">Benefit from HP's renowned quality and reliability. This ensures long-lasting performance.</p></li>
	<li><p data-start=""..."" data-end=""..."">Enjoy superb visual clarity for both work and entertainment content. The Full HD resolution delivers crisp images.</p></li>
	<li><p data-start=""..."" data-end=""..."">Utilize flexible connectivity options with both HDMI and VGA ports. Easily connect various devices.</p></li>
	<li><p data-start=""..."" data-end=""..."">Enhance your workspace with a sleek, professional black design. It complements any modern office setup.</p></li>
</ul>",,,taxable,,0,,0,0,,,,,1,,,,Computing > HP Monitors,HP | Monitor | 21.45 inch | FHD | Full HD | Black Monitor | HDMI | VGA | Series 3 Pro | Professional Monitor | Office Display | Computer Monitor,,,,,,,,,,,0,Brand,HP,1,0,Model Series,Series 3 Pro,1,0,Display Size,21.45 inches,1,0,HP Series 3 Pro Monitor,"Boost productivity with the HP Series 3 Pro 21.45"" FHD Monitor. Enjoy crisp visuals, versatile HDMI & VGA connectivity, and a sleek design for your workspace.","HP Series 3 Pro 21.45"" FHD Monitor, Black","HP Series 3 Pro 21.45"" FHD Monitor, Black - Product Image","High-quality image of HP Series 3 Pro 21.45"" FHD Monitor, Black showing design and features"
simple,65P62AA,"HP V24v G5 23.8"" FHD Monitor, Black Color",1,0,visible,"<h3 data-start=""..."" data-end=""..."">HP V24v G5 23.8"" FHD Monitor Highlights</h3>
<table>
<thead>
<tr>
<th></th>
<th></th>
</tr>
</thead>
<tbody>
<tr>
<td>Screen Size</td>
<td>23.8 inches</td>
</tr>
<tr>
<td>Resolution</td>
<td>Full HD (1920 x 1080)</td>
</tr>
<tr>
<td>Connectivity</td>
<td>1x VGA, 1x HDMI 1.4</td>
</tr>
<tr>
<td>Color</td>
<td>Black</td>
</tr>
<tr>
<td>Brand</td>
<td>HP</td>
</tr>
<tr>
<td>Ideal For</td>
<td>Home & Office Use</td>
</tr>
</tbody>
</table>","<h2 data-start=""..."" data-end=""..."">HP V24v G5 23.8"" FHD Monitor, Black Color</h2>
<p data-start=""..."" data-end=""..."">The HP V24v G5 23.8"" FHD Monitor delivers clear, vibrant visuals. It is perfect for both home and office use. This monitor combines essential features with a sleek design. You get reliable performance for daily tasks. Enjoy an immersive viewing experience with this trusted HP display.</p>

<h3 data-start=""..."" data-end=""..."">Key Features</h3>
<ul>
	<li><p data-start=""..."" data-end=""...""><strong>Vibrant Full HD Display</strong><br />Experience crisp, clear images on a spacious 23.8-inch screen. This monitor offers Full HD resolution (1920 x 1080). Every detail comes to life with impressive clarity. Enjoy sharp text and vivid colors. This makes your work and entertainment more engaging and comfortable.</p></li>
	<li><p data-start=""..."" data-end=""...""><strong>Versatile Connectivity Options</strong><br />Connect easily to all your essential devices. This monitor includes both VGA and HDMI 1.4 ports. You can link it to older and newer computers alike. Seamlessly switch between different video sources. This enhances your setup flexibility and convenience.</p></li>
	<li><p data-start=""..."" data-end=""...""><strong>Sleek Black Design</strong><br />The monitor features a professional black finish. It blends effortlessly into any workspace. Its modern aesthetic adds a touch of elegance to your desk. This design keeps your area looking tidy and stylish. It complements other office equipment perfectly.</p></li>
	<li><p data-start=""..."" data-end=""...""><strong>Optimal Screen Size for Productivity</strong><br />The 23.8-inch diagonal offers ample screen real estate. It is large enough for efficient multitasking. Yet, it remains compact enough for various desk sizes. Boost your productivity with comfortable viewing. This size strikes a perfect balance for everyday use.</p></li>
	<li><p data-start=""..."" data-end=""...""><strong>Reliable HP Quality</strong><br />Trust in the HP brand for exceptional durability and performance. This monitor is built to last. It provides consistent, high-quality performance day after day. HP is renowned for its commitment to quality. You invest in a product designed for longevity and satisfaction.</p></li>
</ul>

<h3 data-start=""..."" data-end=""..."">Specifications</h3>
<h4><strong data-start=""..."" data-end=""..."">General</strong></h4>
<div class=""TyagGW_tableContainer"">
<div class=""group TyagGW_tableWrapper flex w-fit flex-col-reverse"">
<table class=""w-fit min-w-(--thread-content-width)"" data-start=""..."" data-end=""..."">
<thead>
<tr>
<th data-start=""..."" data-end=""..."" data-col-size=""sm""><strong data-start=""..."" data-end=""..."">Feature</strong></th>
<th data-start=""..."" data-end=""..."" data-col-size=""sm""><strong data-start=""..."" data-end=""..."">Specification</strong></th>
</tr>
</thead>
<tbody>
<tr>
<td data-start=""..."" data-end=""..."" data-col-size=""sm"">Screen Size</td>
<td data-start=""..."" data-end=""..."" data-col-size=""sm"">23.8 inches</td>
</tr>
<tr>
<td data-start=""..."" data-end=""..."" data-col-size=""sm"">Resolution</td>
<td data-start=""..."" data-end=""..."" data-col-size=""sm"">FHD (1920 x 1080)</td>
</tr>
<tr>
<td data-start=""..."" data-end=""..."" data-col-size=""sm"">Aspect Ratio</td>
<td data-start=""..."" data-end=""..."" data-col-size=""sm"">16:9</td>
</tr>
<tr>
<td data-start=""..."" data-end=""..."" data-col-size=""sm"">Connectivity</td>
<td data-start=""..."" data-end=""..."" data-col-size=""sm"">1x VGA, 1x HDMI 1.4</td>
</tr>
<tr>
<td data-start=""..."" data-end=""..."" data-col-size=""sm"">Color</td>
<td data-start=""..."" data-end=""..."" data-col-size=""sm"">Black</td>
</tr>
<tr>
<td data-start=""..."" data-end=""..."" data-col-size=""sm"">Model</td>
<td data-start=""..."" data-end=""..."" data-col-size=""sm"">V24v G5</td>
</tr>
<tr>
<td data-start=""..."" data-end=""..."" data-col-size=""sm"">Part Number</td>
<td data-start=""..."" data-end=""..."" data-col-size=""sm"">65P62AA</td>
</tr>
</tbody>
</table>
</div>
</div>

<h3 data-start=""..."" data-end=""..."">Enhanced Visual Experience</h3>
<ul>
	<li><p data-start=""..."" data-end=""..."">Enjoy a comfortable viewing angle for extended use. The monitor helps reduce eye strain. It provides a stable and consistent image. This ensures long hours of work or entertainment are more pleasant and productive.</p></li>
	<li><p data-start=""..."" data-end=""..."">The anti-glare panel minimizes distracting reflections. You can work effectively in various lighting conditions. This feature significantly improves visual clarity. It allows you to focus better on your tasks.</p></li>
</ul>

<h3 data-start=""..."" data-end=""..."">What’s in the Box</h3>
<ul>
	<li><p data-start=""..."" data-end=""..."">HP V24v G5 23.8"" FHD Monitor</p></li>
	<li><p data-start=""..."" data-end=""..."">Power cable</p></li>
	<li><p data-start=""..."" data-end=""..."">HDMI cable</p></li>
	<li><p data-start=""..."" data-end=""..."">Documentation</p></li>
</ul>

<h3 data-start=""..."" data-end=""..."">Why Choose the HP V24v G5 Monitor</h3>
<ul>
	<li><p data-start=""..."" data-end=""..."">Achieve outstanding visual clarity for all your content. Its Full HD resolution is truly impressive.</p></li>
	<li><p data-start=""..."" data-end=""..."">Benefit from flexible connectivity options. Easily connect to multiple devices with VGA and HDMI.</p></li>
	<li><p data-start=""..."" data-end=""..."">Invest in a trusted, global brand. HP delivers proven reliability and excellent support.</p></li>
	<li><p data-start=""..."" data-end=""..."">Enhance your workspace aesthetics. The sleek design is both functional and stylish.</p></li>
	<li><p data-start=""..."" data-end=""..."">Experience comfortable viewing. This monitor is meticulously designed for daily, prolonged use.</p></li>
</ul>",,,taxable,,1,,0,0,,,,,1,,,14000,Computing > Computing Monitors > HP Monitors,HP | Monitor | 23.8 inch | FHD | Full HD | 1080p | VGA | HDMI | Black Monitor | Desktop Monitor | Office Monitor | Home Monitor | HP V24v G5,,,,,,,,,,,0,Brand,HP,1,0,Model,V24v G5,1,0,Screen Size,23.8 inches,1,0,HP V24v G5 Monitor,"Boost productivity with the HP V24v G5 23.8"" FHD Monitor. Enjoy crisp visuals, versatile VGA/HDMI connectivity, and a sleek black design. Perfect for home or office. Price: KES 14,000.0.","HP V24v G5 23.8"" FHD Monitor, Black Color","HP V24v G5 23.8"" FHD Monitor, Black Color - Product Image","High-quality image of HP V24v G5 23.8"" FHD Monitor, Black Color showing design and features"
simple,94C17AA,"HP 524sf Series 5 23.8"" FHD Monitor",1,0,visible,"<h3 data-start=""..."" data-end=""..."">HP 524sf Series 5 23.8"" FHD Monitor</h3>
<table>
<thead>
<tr>
<th></th>
<th></th>
</tr>
</thead>
<tbody>
<tr>
<td>Display Size</td>
<td>23.8 inches</td>
</tr>
<tr>
<td>Resolution</td>
<td>Full HD (FHD)</td>
</tr>
<tr>
<td>Connectivity</td>
<td>1x VGA, 1x HDMI 1.4</td>
</tr>
<tr>
<td>Color</td>
<td>Black</td>
</tr>
<tr>
<td>Model No.</td>
<td>94C17AA</td>
</tr>
</tbody>
</table>","<h2 data-start=""..."" data-end=""..."">HP 524sf Series 5 23.8"" FHD Monitor</h2>
<p data-start=""..."" data-end=""..."">Elevate your daily computing experience with the HP 524sf Series 5 23.8"" FHD Monitor. This sleek black display offers vibrant Full High Definition visuals. It is perfect for both work and entertainment. Enjoy crystal-clear images and rich colors across all your content. The monitor's generous screen size provides ample space for multitasking. This makes it an excellent choice for any home or office setup.</p>

<h3 data-start=""..."" data-end=""..."">Key Features</h3>
<ul>
	<li><p data-start=""..."" data-end=""...""><strong>Expansive 23.8-inch FHD Display</strong><br />Immerse yourself in stunning visuals with a spacious 23.8-inch screen. The Full HD (1920 x 1080) resolution delivers sharp details and vibrant colors. This ensures an exceptional viewing experience for movies, photos, and documents. Enjoy consistent clarity from almost any angle.</p></li>
	<li><p data-start=""..."" data-end=""...""><strong>Versatile Connectivity Options</strong><br />Connect effortlessly to your devices using the integrated VGA and HDMI 1.4 ports. The VGA input supports legacy systems, while HDMI 1.4 provides modern digital connectivity. This dual-port design offers broad compatibility. It allows you to link up various computers, laptops, and multimedia players without hassle.</p></li>
	<li><p data-start=""..."" data-end=""...""><strong>Sleek and Modern Design</strong><br />The HP 524sf monitor features a sophisticated black finish. This elegant design complements any workspace aesthetic. Its slim profile and minimalist bezel create a contemporary look. This monitor enhances your desk with both style and functionality.</p></li>
	<li><p data-start=""..."" data-end=""...""><strong>Optimized for Productivity and Entertainment</strong><br />Experience improved workflow and enjoyable leisure time. The large FHD screen is ideal for handling multiple applications simultaneously. It also provides a great platform for streaming videos or casual gaming. Its clear display reduces eye strain during extended use.</p></li>
</ul>

<h3 data-start=""..."" data-end=""..."">Specifications</h3>
<h4><strong data-start=""..."" data-end=""..."">General</strong></h4>
<div class=""TyagGW_tableContainer"">
<div class=""group TyagGW_tableWrapper flex w-fit flex-col-reverse"">
<table class=""w-fit min-w-(--thread-content-width)"" data-start=""..."" data-end=""..."">
<thead>
<tr>
<th data-start=""..."" data-end=""..."" data-col-size=""sm""><strong data-start=""..."" data-end=""..."">Feature</strong></th>
<th data-start=""..."" data-end=""..."" data-col-size=""sm""><strong data-start=""..."" data-end=""..."">Specification</strong></th>
</tr>
</thead>
<tbody>
<tr>
<td data-start=""..."" data-end=""..."" data-col-size=""sm"">Model No.</td>
<td data-start=""..."" data-end=""..."" data-col-size=""sm"">94C17AA</td>
</tr>
<tr>
<td data-start=""..."" data-end=""..."" data-col-size=""sm"">Series</td>
<td data-start=""..."" data-end=""..."" data-col-size=""sm"">HP 524sf Series 5</td>
</tr>
<tr>
<td data-start=""..."" data-end=""..."" data-col-size=""sm"">Display Size</td>
<td data-start=""..."" data-end=""..."" data-col-size=""sm"">23.8 inches</td>
</tr>
<tr>
<td data-start=""..."" data-end=""..."" data-col-size=""sm"">Resolution</td>
<td data-start=""..."" data-end=""..."" data-col-size=""sm"">Full HD (FHD)</td>
</tr>
<tr>
<td data-start=""..."" data-end=""..."" data-col-size=""sm"">Color</td>
<td data-start=""..."" data-end=""..."" data-col-size=""sm"">Black</td>
</tr>
<tr>
<td data-start=""..."" data-end=""..."" data-col-size=""sm"">Connectivity</td>
<td data-start=""..."" data-end=""..."" data-col-size=""sm"">1x VGA, 1x HDMI 1.4</td>
</tr>
</tbody>
</table>
</div>
</div>

<h3 data-start=""..."" data-end=""..."">Seamless Integration</h3>
<ul>
	<li><p data-start=""..."" data-end=""..."">The HP 524sf monitor easily integrates into diverse computing environments. Its standard VESA mounting compatibility allows for flexible setup options. You can mount it on a wall or an adjustable arm. This customization helps optimize your viewing comfort and desk space.</p></li>
	<li><p data-start=""..."" data-end=""..."">Furthermore, the monitor's user-friendly on-screen display (OSD) menu provides intuitive control. Adjust brightness, contrast, and color settings with ease. This ensures your display always looks its best. The monitor is designed for straightforward plug-and-play functionality.</p></li>
</ul>

<h3 data-start=""..."" data-end=""..."">What’s in the Box</h3>
<ul>
	<li><p data-start=""..."" data-end=""..."">HP 524sf Series 5 23.8"" FHD Monitor</p></li>
	<li><p data-start=""..."" data-end=""..."">Power Cable</p></li>
	<li><p data-start=""..."" data-end=""..."">HDMI Cable</p></li>
</ul>

<h3 data-start=""..."" data-end=""..."">Why Choose the HP 524sf Series 5 Monitor</h3>
<ul>
	<li><p data-start=""..."" data-end=""..."">Experience crisp, clear Full HD visuals on a generous 23.8-inch screen. This enhances both your work and entertainment.</p></li>
	<li><p data-start=""..."" data-end=""..."">Benefit from flexible connectivity with both VGA and HDMI ports. This ensures compatibility with a wide range of devices.</p></li>
	<li><p data-start=""..."" data-end=""..."">Add a touch of modern elegance to your desk with its sleek black design. Its slim profile saves valuable space.</p></li>
	<li><p data-start=""..."" data-end=""..."">Rely on the trusted quality and performance of HP. Enjoy a monitor built for durability and consistent operation.</p></li>
</ul>",,,taxable,,1,,0,0,,,,,1,,,16000,Computing > Computing Monitors > HP Monitors,HP | Monitor | 23.8 inch | FHD | Full HD | VGA | HDMI | Display | Black Monitor | HP 524sf | Series 5 | Office Monitor | Home Monitor,,,,,,,,,,,0,Brand,HP,1,0,Model,524sf Series 5,1,0,Screen Size,23.8 inches,1,0,HP 23.8 inch FHD Monitor,"Enhance your workspace with the HP 524sf Series 5 23.8"" FHD Monitor. Enjoy crisp visuals, versatile VGA/HDMI connectivity, and a sleek design for productivity. Get yours for KES 16,000.","HP 524sf Series 5 23.8"" FHD Monitor","HP 524sf Series 5 23.8"" FHD Monitor - Product Image","High-quality image of HP 524sf Series 5 23.8"" FHD Monitor showing design and features"
simple,94C21AS,"HP Series 5 524sw 23.8"" FHD Monitor, White",1,0,visible,"<h3 data-start=""..."" data-end=""..."">HP Series 5 524sw 23.8"" FHD Monitor</h3>
<table>
<thead>
<tr>
<th></th>
<th></th>
</tr>
</thead>
<tbody>
<tr>
<td>Screen Size</td>
<td>23.8 inches</td>
</tr>
<tr>
<td>Resolution</td>
<td>Full HD (1920 x 1080)</td>
</tr>
<tr>
<td>Color</td>
<td>White</td>
</tr>
<tr>
<td>Connectivity</td>
<td>1 VGA, 1 HDMI 1.4</td>
</tr>
<tr>
<td>Model No</td>
<td>94C21AS</td>
</tr>
</tbody>
</table>","<h2 data-start=""..."" data-end=""..."">HP Series 5 524sw 23.8"" FHD Monitor, White</h2>
<p data-start=""..."" data-end=""..."">Discover stunning visuals with the HP Series 5 524sw 23.8"" FHD Monitor. This sleek white display offers crisp Full High Definition resolution. It enhances your workspace aesthetics. Enjoy vibrant colors and sharp details across all your content. The monitor combines modern design with essential functionality. It is perfect for both home and office environments.</p>

<h3 data-start=""..."" data-end=""..."">Key Features</h3>
<ul>
	<li><p data-start=""..."" data-end=""...""><strong>Vivid Full HD Display</strong><br />Experience crystal-clear images on the 23.8-inch Full HD (1920 x 1080) screen. Every detail appears sharp and precise. This resolution is ideal for productivity tasks and multimedia consumption. Enjoy a great viewing experience with vibrant colors.</p></li>
	<li><p data-start=""..."" data-end=""...""><strong>Sleek White Design</strong><br />The monitor features a contemporary white finish. It adds a touch of elegance to any desk setup. Its minimalist design blends seamlessly with various interior styles. This stylish monitor truly elevates your workspace.</p></li>
	<li><p data-start=""..."" data-end=""...""><strong>Versatile Connectivity Options</strong><br />Connect your devices easily with multiple ports. It includes one VGA port and one HDMI 1.4 port. This ensures compatibility with both modern and legacy systems. Switch between your PC and other devices effortlessly.</p></li>
	<li><p data-start=""..."" data-end=""...""><strong>Optimal Screen Size</strong><br />The 23.8-inch diagonal screen provides ample viewing space. It is perfect for multitasking. You can open multiple windows side-by-side. This size also offers an immersive experience for movies and games. Boost your productivity with more screen real estate.</p></li>
	<li><p data-start=""..."" data-end=""...""><strong>Reliable HP Quality</strong><br />HP is a trusted name in computing hardware. This monitor delivers consistent performance and durability. It is built to meet high standards. You can depend on its long-term reliability. Invest in quality with an HP monitor.</p></li>
</ul>

<h3 data-start=""..."" data-end=""..."">Specifications</h3>
<h4><strong data-start=""..."" data-end=""..."">General</strong></h4>
<div class=""TyagGW_tableContainer"">
<div class=""group TyagGW_tableWrapper flex w-fit flex-col-reverse"">
<table class=""w-fit min-w-(--thread-content-width)"" data-start=""..."" data-end=""..."">
<thead>
<tr>
<th data-start=""..."" data-end=""..."" data-col-size=""sm""><strong data-start=""..."" data-end=""..."">Feature</strong></th>
<th data-start=""..."" data-end=""..."" data-col-size=""sm""><strong data-start=""..."" data-end=""..."">Specification</strong></th>
</tr>
</thead>
<tbody>
<tr>
<td data-start=""..."" data-end=""..."" data-col-size=""sm"">Model No</td>
<td data-start=""..."" data-end=""..."" data-col-size=""sm"">94C21AS</td>
</tr>
<tr>
<td data-start=""..."" data-end=""..."" data-col-size=""sm"">Series</td>
<td data-start=""..."" data-end=""..."" data-col-size=""sm"">HP Series 5 524sw</td>
</tr>
<tr>
<td data-start=""..."" data-end=""..."" data-col-size=""sm"">Screen Size</td>
<td data-start=""..."" data-end=""..."" data-col-size=""sm"">23.8 inches</td>
</tr>
<tr>
<td data-start=""..."" data-end=""..."" data-col-size=""sm"">Resolution</td>
<td data-start=""..."" data-end=""..."" data-col-size=""sm"">Full HD (1920 x 1080)</td>
</tr>
<tr>
<td data-start=""..."" data-end=""..."" data-col-size=""sm"">Color</td>
<td data-start=""..."" data-end=""..."" data-col-size=""sm"">White</td>
</tr>
<tr>
<td data-start=""..."" data-end=""..."" data-col-size=""sm"">Connectivity</td>
<td data-start=""..."" data-end=""..."" data-col-size=""sm"">1 VGA, 1 HDMI 1.4</td>
</tr>
<tr>
<td data-start=""..."" data-end=""..."" data-col-size=""sm"">Brand</td>
<td data-start=""..."" data-end=""..."" data-col-size=""sm"">HP</td>
</tr>
</tbody>
</table>
</div>
</div>

<h3 data-start=""..."" data-end=""..."">What’s in the Box</h3>
<ul>
	<li><p data-start=""..."" data-end=""..."">HP Series 5 524sw 23.8"" FHD Monitor</p></li>
	<li><p data-start=""..."" data-end=""..."">Power Cable</p></li>
	<li><p data-start=""..."" data-end=""..."">HDMI Cable</p></li>
	<li><p data-start=""..."" data-end=""..."">Documentation</p></li>
</ul>

<h3 data-start=""..."" data-end=""..."">Why Choose HP Series 5 524sw 23.8"" FHD Monitor</h3>
<ul>
	<li><p data-start=""..."" data-end=""..."">Enjoy superior visual clarity for all your daily tasks.</p></li>
	<li><p data-start=""..."" data-end=""..."">Add a modern, elegant touch to your home or office setup.</p></li>
	<li><p data-start=""..."" data-end=""..."">Benefit from flexible connectivity options for various devices.</p></li>
	<li><p data-start=""..."" data-end=""..."">Experience reliable performance from a leading technology brand.</p></li>
	<li><p data-start=""..."" data-end=""..."">Get excellent value for money with its competitive price point.</p></li>
</ul>",,,taxable,,1,,0,0,,,,,1,,,16500,Computing > Computing Monitors > HP Monitors,HP Monitor | 23.8 inch Monitor | FHD Monitor | White Monitor | HP Series 5 | 524sw | VGA Monitor | HDMI Monitor | Desktop Monitor | Office Monitor | Home Monitor | 94C21AS,,,,,,,,,,,0,Brand,HP,1,0,Model,Series 5 524sw,1,0,Screen Size,23.8 inches,1,0,HP 23.8 FHD Monitor,"Enhance your workspace with the HP Series 5 524sw 23.8"" FHD Monitor in white. Enjoy crisp Full HD visuals and versatile connectivity (VGA, HDMI).","HP Series 5 524sw 23.8"" FHD Monitor, White","HP Series 5 524sw 23.8"" FHD Monitor, White - Product Image","High-quality image of HP Series 5 524sw 23.8"" FHD Monitor, White showing design and features"
